{
    "name": "botania.entry.elfResources",
    "category": "botania:alfhomancy",
    "icon": "botania:dragonstone",
    "entry_color": "aa00",
    "priority": true,
    "advancement": "botania:main/elf_lexicon_pickup",
    "pages": [
        {
            "type": "text",
            "text": "botania.page.elfResources0"
        },
        {
            "type": "botania:elven_trade",
            "text": "botania.page.elfResources1",
            "recipes": "botania:elven_trade/dreamwood"
        },
        {
            "type": "crafting",
            "title": "botania.page.elfResources2.title",
            "recipe": "botania:dreamwood_twig",
            "recipe2": "botania:dreamwood_wand",
            "text": "item.botania.dreamwood_wand"
        },
        {
            "type": "botania:elven_trade",
            "text": "botania.page.elfResources3",
            "recipes": [
                "botania:elven_trade/elementium",
                "botania:elven_trade/elementium_block"
            ]
        },
        {
            "type": "botania:elven_trade",
            "text": "botania.page.elfResources4",
            "recipes": [
                "botania:elven_trade/pixie_dust"
            ]
        },
        {
            "type": "botania:elven_trade",
            "text": "botania.page.elfResources5",
            "recipes": [
                "botania:elven_trade/dragonstone",
                "botania:elven_trade/dragonstone_block"
            ]
        },
        {
            "type": "text",
            "text": "botania.page.elfResources6"
        },
        {
            "type": "botania:elven_trade",
            "text": "botania.page.elfResources7",
            "recipes": "botania:elven_trade/elf_quartz"
        },
        {
            "type": "text",
            "text": "botania.page.elfResources8"
        },
        {
            "type": "botania:elven_trade",
            "text": "botania.page.elfResources9",
            "recipes": "botania:elven_trade/elf_glass"
        }
    ],
    "extra_recipe_mappings": {
        "botania:elementium_nugget": 3,
        "botania:elf_quartz": 7,
        "botania:chiseled_elf_quartz": 7,
        "botania:elf_quartz_slab": 7,
        "botania:elf_quartz_stairs": 7,
        "botania:elf_quartz_pillar": 7,
        "botania:elf_glass_pane": 9
    }
}