{
    "name": "botania.entry.flugelEye",
    "category": "botania:alfhomancy",
    "icon": "botania:flugel_eye",
    "entry_color": "aa00aa",
    "advancement": "botania:challenge/flugel_eye",
    "flag": "botania:relics",
    "pages": [
        {
            "type": "text",
            "text": "botania.page.flugelEye0"
        },
        {
            "type": "text",
            "text": "botania.page.flugelEye1"
        }
    ],
    "extra_recipe_mappings": {
        "botania:flugel_eye": 0
    }
}