{
    "name": "botania.entry.gaiaRitual",
    "category": "botania:alfhomancy",
    "icon": "botania:life_essence",
    "entry_color": "aa00",
    "advancement": "botania:main/elf_lexicon_pickup",
    "turnin": "botania:main/gaia_guardian_kill",
    "pages": [
        {
            "type": "text",
            "text": "botania.page.gaiaRitual0"
        },
        {
            "type": "crafting",
            "text": "botania.page.gaiaRitual1",
            "recipe": "botania:gaia_pylon"
        },
        {
            "type": "multiblock",
            "multiblock_id": "botania:gaia_ritual",
            "text": "botania.page.gaiaRitual2"
        },
        {
            "type": "text",
            "text": "botania.page.gaiaRitual3"
        },
        {
            "type": "text",
            "text": "botania.page.gaiaRitual4"
        },
        {
            "type": "text",
            "text": "botania.page.gaiaRitual5"
        }
    ],
    "extra_recipe_mappings": {
        "botania:life_essence": 1
    }
}