{
    "name": "botania.entry.relicInfo",
    "category": "botania:alfhomancy",
    "icon": "botania:dice",
    "entry_color": "aa00aa",
    "advancement": "botania:challenge/gaia_guardian_hardmode",
    "flag": "botania:relics",
    "pages": [
        {
            "type": "text",
            "text": "botania.page.relicInfo0"
        },
        {
            "type": "text",
            "text": "botania.page.relicInfo1"
        }
    ],
    "extra_recipe_mappings": {
        "botania:dice": 1
    }
}