{
    "name": "botania.entry.bellows",
    "category": "botania:mana",
    "icon": "botania:bellows",
    "advancement": "botania:main/runic_altar_pickup",
    "pages": [
        {
            "type": "text",
            "text": "botania.page.bellows0"
        },
        {
            "type": "text",
            "text": "botania.page.bellows1"
        },
        {
            "type": "crafting",
            "text": "botania.page.bellows2",
            "recipe": "botania:bellows"
        }
    ]
}