{
    "name": "botania.entry.dreamwoodSpreader",
    "category": "botania:mana",
    "icon": "botania:elven_spreader",
    "entry_color": "aa00",
    "advancement": "botania:main/elf_lexicon_pickup",
    "pages": [
        {
            "type": "text",
            "text": "botania.page.dreamwoodSpreader0"
        },
        {
            "type": "crafting",
            "text": "botania.page.dreamwoodSpreader1",
            "recipe": "botania:elven_spreader"
        },
        {
            "type": "text",
            "text": "botania.page.dreamwoodSpreader2"
        },
        {
            "type": "crafting",
            "text": "botania.page.dreamwoodSpreader3",
            "recipe": "botania:gaia_spreader"
        }
    ]
}