{
    "name": "botania.entry.elvenLenses",
    "category": "botania:mana",
    "icon": "botania:lens_paint",
    "entry_color": "aa00",
    "advancement": "botania:main/elf_lexicon_pickup",
    "pages": [
        {
            "type": "text",
            "text": "botania.page.elvenLenses0"
        },
        {
            "type": "patchouli:empty"
        },
        {
            "type": "text",
            "text": "botania.page.elvenLenses1"
        },
        {
            "type": "crafting",
            "text": "botania.page.elvenLenses2",
            "recipe": "botania:lens_paint"
        },
        {
            "type": "text",
            "text": "botania.page.elvenLenses3"
        },
        {
            "type": "crafting",
            "text": "botania.page.elvenLenses4",
            "recipe": "botania:lens_warp"
        },
        {
            "type": "text",
            "text": "botania.page.elvenLenses5"
        },
        {
            "type": "crafting",
            "text": "botania.page.elvenLenses6",
            "recipe": "botania:lens_redirect"
        },
        {
            "type": "text",
            "text": "botania.page.elvenLenses7"
        },
        {
            "type": "crafting",
            "text": "botania.page.elvenLenses8",
            "recipe": "botania:lens_firework"
        },
        {
            "type": "text",
            "text": "botania.page.elvenLenses9"
        },
        {
            "type": "crafting",
            "text": "botania.page.elvenLenses10",
            "recipe": "botania:lens_flare"
        },
        {
            "type": "text",
            "text": "botania.page.elvenLenses11"
        },
        {
            "type": "crafting",
            "text": "botania.page.elvenLenses12",
            "recipe": "botania:lens_tripwire"
        }
    ]
}