{
    "name": "botania.entry.manastar",
    "category": "botania:mana",
    "icon": "botania:manastar",
    "priority": true,
    "advancement": "botania:main/mana_pool_pickup_lexicon",
    "pages": [
        {
            "type": "text",
            "text": "botania.page.manastar0"
        },
        {
            "type": "botania:petal_apothecary",
            "text": "botania.page.manastar1",
            "recipe": "botania:petal_apothecary/manastar"
        }
    ],
    "extra_recipe_mappings": {
        "botania:floating_manastar": 1
    }
}