{
    "name": "botania.entry.poolCart",
    "category": "botania:mana",
    "icon": "botania:pool_minecart",
    "advancement": "botania:main/mana_pool_pickup_lexicon",
    "pages": [
        {
            "type": "text",
            "text": "botania.page.poolCart0"
        },
        {
            "type": "text",
            "text": "botania.page.poolCart1"
        },
        {
            "type": "text",
            "text": "botania.page.poolCart2"
        },
        {
            "type": "crafting",
            "text": "botania.page.poolCart3",
            "recipe": "botania:pool_minecart"
        },
        {
            "type": "crafting",
            "text": "botania.page.poolCart4",
            "recipe": "botania:pump"
        }
    ]
}