{
    "name": "botania.entry.pool",
    "category": "botania:mana",
    "icon": "botania:mana_pool",
    "priority": true,
    "advancement": "botania:main/pure_daisy_pickup",
    "turnin": "botania:main/mana_pool_pickup_lexicon",
    "pages": [
        {
            "type": "text",
            "text": "botania.page.pool0"
        },
        {
            "type": "text",
            "text": "botania.page.pool9"
        },
        {
            "type": "crafting",
            "text": "botania.page.pool1",
            "recipe": "botania:mana_pool"
        },
        {
            "type": "crafting",
            "text": "botania.page.pool10",
            "recipe": "botania:diluted_pool"
        },
        {
            "type": "text",
            "text": "botania.page.pool14"
        },
        {
            "type": "text",
            "text": "botania.page.pool2"
        },
        {
            "type": "text",
            "text": "botania.page.pool8"
        },
        {
            "type": "botania:mana_infusion",
            "heading": "botania.page.pool16",
            "text": "botania.page.pool3",
            "recipes": [
                "botania:mana_infusion/manasteel",
                "botania:mana_infusion/manasteel_block"
            ]
        },
        {
            "type": "botania:mana_infusion",
            "text": "botania.page.pool4",
            "recipes": "botania:mana_infusion/mana_pearl"
        },
        {
            "type": "botania:mana_infusion",
            "text": "botania.page.pool5",
            "recipes": [
                "botania:mana_infusion/mana_diamond",
                "botania:mana_infusion/mana_diamond_block"
            ]
        },
        {
            "type": "botania:mana_infusion",
            "text": "botania.page.pool6",
            "recipes": [
                "botania:mana_infusion/mana_powder_dust",
                "botania:mana_infusion/mana_powder_dye"
            ]
        },
        {
            "type": "botania:mana_infusion",
            "text": "botania.page.pool11",
            "recipes": "botania:mana_infusion/mana_glass"
        },
        {
            "type": "botania:mana_infusion",
            "text": "botania.page.pool12",
            "recipes": "botania:mana_infusion/mana_string"
        },
        {
            "type": "crafting",
            "text": "botania.page.pool13",
            "recipe": "botania:cobweb"
        },
        {
            "type": "botania:mana_infusion",
            "text": "botania.page.pool7",
            "recipes": "botania:mana_infusion/mana_cookie"
        }
    ],
    "extra_recipe_mappings": {
        "botania:manasteel_nugget": 6,
        "botania:mana_glass_pane": 11
    }
}