{
    "name": "botania.entry.prism",
    "category": "botania:mana",
    "icon": "botania:prism",
    "entry_color": "aa00",
    "advancement": "botania:main/elf_lexicon_pickup",
    "pages": [
        {
            "type": "text",
            "text": "botania.page.prism0"
        },
        {
            "type": "text",
            "text": "botania.page.prism1"
        },
        {
            "type": "text",
            "text": "botania.page.prism2"
        },
        {
            "type": "crafting",
            "text": "botania.page.prism3",
            "recipe": "botania:prism"
        }
    ]
}