{
    "name": "botania.entry.sparkUpgrades",
    "category": "botania:mana",
    "icon": "botania:spark_upgrade_dispersive",
    "entry_color": "aa00",
    "advancement": "botania:main/elf_lexicon_pickup",
    "pages": [
        {
            "type": "text",
            "text": "botania.page.sparkUpgrades0"
        },
        {
            "type": "botania:crafting_multi",
            "heading": "",
            "text": "botania.page.sparkUpgrades1",
            "recipes": [
                "botania:spark_upgrade_dispersive"
            ]
        },
        {
            "type": "botania:crafting_multi",
            "heading": "",
            "text": "botania.page.sparkUpgrades2",
            "recipes": [
                "botania:spark_upgrade_dominant"
            ]
        },
        {
            "type": "botania:crafting_multi",
            "heading": "",
            "text": "botania.page.sparkUpgrades3",
            "recipes": [
                "botania:spark_upgrade_recessive"
            ]
        },
        {
            "type": "botania:crafting_multi",
            "heading": "",
            "text": "botania.page.sparkUpgrades4",
            "recipes": [
                "botania:spark_upgrade_isolated"
            ]
        }
    ]
}