{
    "name": "botania.entry.sparks",
    "category": "botania:mana",
    "icon": "botania:spark",
    "priority": true,
    "advancement": "botania:main/mana_pool_pickup_lexicon",
    "pages": [
        {
            "type": "text",
            "text": "botania.page.sparks0"
        },
        {
            "type": "text",
            "text": "botania.page.sparks1"
        },
        {
            "type": "text",
            "text": "botania.page.sparks3"
        },
        {
            "type": "crafting",
            "text": "botania.page.sparks2",
            "recipe": "botania:spark"
        }
    ]
}