{
    "name": "botania.entry.sparkChanger",
    "category": "botania:mana",
    "icon": "botania:spark_changer",
    "entry_color": "aa00",
    "advancement": "botania:main/elf_lexicon_pickup",
    "pages": [
        {
            "type": "text",
            "text": "botania.page.sparkChanger0"
        },
        {
            "type": "text",
            "text": "botania.page.sparkChanger1"
        },
        {
            "type": "crafting",
            "text": "botania.page.sparkChanger2",
            "recipe": "botania:spark_changer"
        }
    ]
}