{
    "category": "chococraft:equipments",
    "icon": "chococraft:choco_disguise_helmet",
    "name": "info.chococraft.book.chocodisguise.entry.name",
    "pages": [
        {
            "type": "patchouli:text",
            "text": "info.chococraft.book.chocodisguise.text1"
        },
        {
            "type": "patchouli:image",
            "border": true,
            "images": [
                "chococraft:textures/gui/entry/chocodisguise.png"
            ]
        },
        {
            "type": "patchouli:crafting",
            "recipe": "chococraft:choco_disguise_helmet",
            "recipe2": "chococraft:choco_disguise_chestplate"
        },
        {
            "type": "patchouli:crafting",
            "recipe": "chococraft:choco_disguise_leggings",
            "recipe2": "chococraft:choco_disguise_boots"
        }
    ]
}