{
    "category": "chococraft:equipments",
    "icon": "chococraft:chocobo_saddle",
    "name": "info.chococraft.book.saddle.entry.name",
    "pages": [
        {
            "type": "patchouli:text",
            "text": "info.chococraft.book.saddle.text1"
        },
        {
            "type": "patchouli:crafting",
            "recipe": "chococraft:chocobo_saddle",
            "recipe2": "chococraft:chocobo_saddle_alt"
        },
        {
            "type": "patchouli:text",
            "text": "info.chococraft.book.saddle.text2"
        },
        {
            "type": "patchouli:crafting",
            "recipe": "chococraft:chocobo_saddle_bags",
            "recipe2": "chococraft:chocobo_saddle_pack"
        }
    ]
}