{
    "name": "botania.entry.banners",
    "category": "botania:misc",
    "icon": "minecraft:flower_banner_pattern",
    "pages": [
        {
            "type": "text",
            "text": "botania.page.banners0"
        },
        {
            "type": "image",
            "text": "botania.page.banners1",
            "border": true,
            "images": [
                "botania:textures/gui/entries/banner_0.png",
                "botania:textures/gui/entries/banner_1.png",
                "botania:textures/gui/entries/banner_2.png",
                "botania:textures/gui/entries/banner_3.png"
            ]
        }
    ]
}