{
    "name": "botania.entry.decorativeBlocks",
    "category": "botania:misc",
    "icon": "botania:livingrock_bricks",
    "advancement": "botania:main/pure_daisy_pickup",
    "pages": [
        {
            "type": "text",
            "text": "botania.page.decorativeBlocks0"
        },
        {
            "type": "crafting",
            "text": "botania.page.decorativeBlocks1",
            "recipe": "botania:livingrock_bricks",
            "recipe2": "botania:livingrock_slate"
        },
        {
            "type": "botania:crafting_multi",
            "text": "botania.page.decorativeBlocks2",
            "recipes": [
                "botania:mossy_livingrock_bricks",
                "botania:mossy_livingrock_bricks_vine"
            ]
        },
        {
            "type": "smelting",
            "text": "botania.page.decorativeBlocks3",
            "recipe": "botania:smelting/cracked_livingrock_bricks"
        },
        {
            "type": "crafting",
            "text": "botania.page.decorativeBlocks4",
            "recipe": "botania:chiseled_livingrock_bricks"
        },
        {
            "type": "crafting",
            "text": "botania.page.decorativeBlocks5",
            "recipe": "botania:livingwood_planks"
        },
        {
            "type": "botania:crafting_multi",
            "text": "botania.page.decorativeBlocks6",
            "recipes": [
                "botania:mossy_livingwood_planks",
                "botania:mossy_livingwood_planks_vine"
            ]
        },
        {
            "type": "crafting",
            "text": "botania.page.decorativeBlocks7",
            "recipe": "botania:framed_livingwood"
        },
        {
            "type": "crafting",
            "text": "botania.page.decorativeBlocks8",
            "recipe": "botania:pattern_framed_livingwood"
        },
        {
            "type": "crafting",
            "text": "botania.page.decorativeBlocks9",
            "recipe": "botania:glimmering_livingwood",
            "recipe2": "botania:glimmering_livingwood_log"
        },
        {
            "type": "text",
            "text": "botania.page.decorativeBlocks10"
        },
        {
            "type": "crafting",
            "text": "botania.page.decorativeBlocks11",
            "recipe": "botania:quartz_dark"
        },
        {
            "type": "botania:mana_infusion",
            "text": "botania.page.decorativeBlocks12",
            "recipes": "botania:mana_infusion/mana_quartz"
        },
        {
            "type": "crafting",
            "text": "botania.page.decorativeBlocks13",
            "recipe": "botania:quartz_blaze"
        },
        {
            "type": "crafting",
            "text": "botania.page.decorativeBlocks14",
            "recipe": "botania:quartz_lavender"
        },
        {
            "type": "crafting",
            "text": "botania.page.decorativeBlocks15",
            "recipe": "botania:quartz_red"
        },
        {
            "type": "crafting",
            "text": "botania.page.decorativeBlocks23",
            "recipe": "botania:quartz_sunny"
        }
    ],
    "extra_recipe_mappings": {
        "botania:livingrock_bricks_stairs": 1,
        "botania:livingrock_bricks_slab": 1,
        "botania:livingrock_bricks_wall": 1,
        "botania:mossy_livingrock_bricks_wall": 2,
        "botania:mossy_livingrock_bricks_stairs": 2,
        "botania:mossy_livingrock_bricks_slab": 2,
        "botania:livingwood_fence": 5,
        "botania:livingwood_planks_stairs": 5,
        "botania:livingwood_fence_gate": 5,
        "botania:livingwood_planks_slab": 5,
        "botania:glimmering_stripped_livingwood_log": 9,
        "botania:glimmering_stripped_livingwood": 9,
        "botania:dark_quartz": 11,
        "botania:chiseled_dark_quartz": 11,
        "botania:dark_quartz_slab": 11,
        "botania:dark_quartz_stairs": 11,
        "botania:dark_quartz_pillar": 11,
        "botania:mana_quartz": 12,
        "botania:chiseled_mana_quartz": 12,
        "botania:mana_quartz_slab": 12,
        "botania:mana_quartz_stairs": 12,
        "botania:mana_quartz_pillar": 12,
        "botania:blaze_quartz": 13,
        "botania:chiseled_blaze_quartz": 13,
        "botania:blaze_quartz_slab": 13,
        "botania:blaze_quartz_stairs": 13,
        "botania:blaze_quartz_pillar": 13,
        "botania:lavender_quartz": 14,
        "botania:chiseled_lavender_quartz": 14,
        "botania:lavender_quartz_slab": 14,
        "botania:lavender_quartz_stairs": 14,
        "botania:lavender_quartz_pillar": 14,
        "botania:red_quartz": 15,
        "botania:chiseled_red_quartz": 15,
        "botania:red_quartz_slab": 15,
        "botania:red_quartz_stairs": 15,
        "botania:red_quartz_pillar": 15,
        "botania:sunny_quartz": 16,
        "botania:chiseled_sunny_quartz": 16,
        "botania:sunny_quartz_slab": 16,
        "botania:sunny_quartz_stairs": 16,
        "botania:sunny_quartz_pillar": 16
    }
}