{
    "name": "botania.entry.pavement",
    "category": "botania:misc",
    "icon": "botania:white_pavement",
    "pages": [
        {
            "type": "text",
            "text": "botania.page.pavement0"
        },
        {
            "type": "botania:crafting_multi",
            "heading": "botania.entry.pavement",
            "text": "botania.page.pavement1",
            "recipes": [
                "botania:white_pavement",
                "botania:black_pavement",
                "botania:blue_pavement",
                "botania:yellow_pavement",
                "botania:red_pavement",
                "botania:green_pavement"
            ]
        }
    ]
}