{
    "name": "botania.entry.tinyPotato",
    "category": "botania:misc",
    "icon": "botania:tiny_potato",
    "advancement": "botania:main/mana_pool_pickup_lexicon",
    "pages": [
        {
            "type": "text",
            "text": "botania.page.tinyPotato0"
        },
        {
            "type": "text",
            "text": "botania.page.tinyPotato2"
        },
        {
            "type": "botania:mana_infusion",
            "text": "botania.page.tinyPotato1",
            "recipes": "botania:mana_infusion/tiny_potato"
        }
    ]
}