{
    "name": "botania.entry.corporeaFunnel",
    "category": "botania:ender",
    "icon": "botania:corporea_funnel",
    "entry_color": "aa00",
    "advancement": "botania:main/elf_lexicon_pickup",
    "pages": [
        {
            "type": "text",
            "text": "botania.page.corporeaFunnel0"
        },
        {
            "type": "text",
            "text": "botania.page.corporeaFunnel1"
        },
        {
            "type": "text",
            "text": "botania.page.corporeaFunnel3"
        },
        {
            "type": "crafting",
            "text": "botania.page.corporeaFunnel2",
            "recipe": "botania:corporea_funnel"
        }
    ]
}