{
    "name": "botania.entry.enderDagger",
    "category": "botania:ender",
    "icon": "botania:ender_dagger",
    "advancement": "botania:main/mana_pool_pickup_lexicon",
    "pages": [
        {
            "type": "text",
            "text": "botania.page.enderDagger0"
        },
        {
            "type": "text",
            "text": "botania.page.enderDagger1"
        },
        {
            "type": "crafting",
            "text": "botania.page.enderDagger2",
            "recipe": "botania:ender_dagger"
        }
    ]
}