{
    "name": "botania.entry.keepIvy",
    "category": "botania:ender",
    "icon": "botania:keep_ivy",
    "entry_color": "aa00",
    "advancement": "botania:main/elf_lexicon_pickup",
    "pages": [
        {
            "type": "text",
            "text": "botania.page.keepIvy0"
        },
        {
            "type": "text",
            "text": "botania.page.keepIvy2"
        },
        {
            "type": "crafting",
            "text": "botania.page.keepIvy1",
            "recipe": "botania:keep_ivy"
        }
    ]
}