{
    "name": "botania.entry.luminizerTransport",
    "category": "botania:ender",
    "icon": "botania:light_relay",
    "entry_color": "aa00",
    "advancement": "botania:main/elf_lexicon_pickup",
    "pages": [
        {
            "type": "text",
            "text": "botania.page.luminizerTransport0"
        },
        {
            "type": "patchouli:empty"
        },
        {
            "type": "text",
            "text": "botania.page.luminizerTransport1"
        },
        {
            "type": "crafting",
            "text": "botania.page.luminizerTransport2",
            "recipe": "botania:light_relay"
        },
        {
            "type": "text",
            "text": "botania.page.luminizerTransport3"
        },
        {
            "type": "crafting",
            "text": "botania.page.luminizerTransport4",
            "recipe": "botania:detector_light_relay"
        },
        {
            "type": "text",
            "text": "botania.page.luminizerTransport7"
        },
        {
            "type": "crafting",
            "text": "botania.page.luminizerTransport8",
            "recipe": "botania:toggle_light_relay"
        },
        {
            "type": "text",
            "text": "botania.page.luminizerTransport9"
        },
        {
            "type": "text",
            "text": "botania.page.luminizerTransport10"
        },
        {
            "type": "crafting",
            "text": "botania.page.luminizerTransport11",
            "recipe": "botania:fork_light_relay"
        },
        {
            "type": "text",
            "text": "botania.page.luminizerTransport5"
        },
        {
            "type": "crafting",
            "text": "botania.page.luminizerTransport6",
            "recipe": "botania:light_launcher"
        }
    ]
}