{
    "name": "botania.entry.pistonRelay",
    "category": "botania:ender",
    "icon": "botania:piston_relay",
    "advancement": "botania:main/mana_pool_pickup_lexicon",
    "pages": [
        {
            "type": "text",
            "text": "botania.page.pistonRelay0"
        },
        {
            "type": "text",
            "text": "botania.page.pistonRelay1"
        },
        {
            "type": "botania:mana_infusion",
            "text": "botania.page.pistonRelay2",
            "recipes": "botania:mana_infusion/piston_relay"
        }
    ]
}