{
    "name": "botania.entry.spawnerClaw",
    "category": "botania:ender",
    "icon": "botania:spawner_claw",
    "entry_color": "aa00",
    "advancement": "botania:main/elf_lexicon_pickup",
    "pages": [
        {
            "type": "text",
            "text": "botania.page.spawnerClaw0"
        },
        {
            "type": "text",
            "text": "botania.page.spawnerClaw1"
        },
        {
            "type": "crafting",
            "text": "botania.page.spawnerClaw2",
            "recipe": "botania:spawner_claw"
        }
    ]
}