{
  "parent": "minecraft:block/block",
  "elements": [
    {
      "faces": {
        "down": {
          "cullface": "down",
          "texture": "#bottom"
        },
        "east": {
          "texture": "#side"
        },
        "north": {
          "texture": "#side"
        },
        "south": {
          "texture": "#side"
        },
        "up": {
          "texture": "#top"
        },
        "west": {
          "texture": "#side"
        }
      },
      "from": [
        1,
        0,
        1
      ],
      "to": [
        15,
        8,
        15
      ]
    }
  ],
  "textures": {
    "bottom": "doggytalents:block/food_bowl_bottom",
    "particle": "doggytalents:block/food_bowl_bottom",
    "side": "doggytalents:block/food_bowl_side",
    "top": "doggytalents:block/food_bowl_top"
  }
}