{
    "name": "botania.entry.challenges",
    "category": "botania:challenges",
    "icon": "botania:cosmetic_questgiver_mark",
    "priority": true,
    "advancement": "botania:main/mana_pool_pickup_lexicon",
    "pages": [
        {
            "type": "text",
            "text": "botania.page.challenges0"
        },
        {
            "type": "text",
            "text": "botania.page.challenges1"
        },
        {
            "type": "text",
            "text": "botania.page.challenges2"
        }
    ]
}