{
    "name": "botania.entry.bergamute",
    "category": "botania:functional_flowers",
    "icon": "botania:bergamute",
    "advancement": "botania:main/mana_pool_pickup_lexicon",
    "pages": [
        {
            "type": "text",
            "text": "botania.page.bergamute0"
        },
        {
            "type": "text",
            "text": "botania.page.bergamute1"
        },
        {
            "type": "botania:petal_apothecary",
            "text": "botania.page.bergamute2",
            "recipe": "botania:petal_apothecary/bergamute"
        }
    ],
    "extra_recipe_mappings": {
        "botania:floating_bergamute": 1
    }
}