{
    "name": "botania.entry.exoflame",
    "category": "botania:functional_flowers",
    "icon": "botania:exoflame",
    "advancement": "botania:main/runic_altar_pickup",
    "pages": [
        {
            "type": "text",
            "text": "botania.page.exoflame0"
        },
        {
            "type": "botania:petal_apothecary",
            "text": "botania.page.exoflame1",
            "recipe": "botania:petal_apothecary/exoflame"
        }
    ],
    "extra_recipe_mappings": {
        "botania:floating_exoflame": 1
    }
}