{
    "name": "botania.entry.fallenKanade",
    "category": "botania:functional_flowers",
    "icon": "botania:fallen_kanade",
    "advancement": "botania:main/runic_altar_pickup",
    "pages": [
        {
            "type": "text",
            "text": "botania.page.fallenKanade0"
        },
        {
            "type": "botania:petal_apothecary",
            "text": "botania.page.fallenKanade1",
            "recipe": "botania:petal_apothecary/fallen_kanade"
        }
    ],
    "extra_recipe_mappings": {
        "botania:floating_fallen_kanade": 1
    }
}