{
    "name": "botania.entry.hopperhock",
    "category": "botania:functional_flowers",
    "icon": "botania:hopperhock",
    "advancement": "botania:main/runic_altar_pickup",
    "pages": [
        {
            "type": "text",
            "text": "botania.page.hopperhock0"
        },
        {
            "type": "text",
            "text": "botania.page.hopperhock1"
        },
        {
            "type": "botania:petal_apothecary",
            "text": "botania.page.hopperhock2",
            "recipe": "botania:petal_apothecary/hopperhock"
        }
    ],
    "extra_recipe_mappings": {
        "botania:floating_hopperhock": 1
    }
}