{
    "name": "botania.entry.loonium",
    "category": "botania:functional_flowers",
    "icon": "botania:loonium",
    "entry_color": "aa00",
    "advancement": "botania:main/elf_lexicon_pickup",
    "pages": [
        {
            "type": "text",
            "text": "botania.page.loonium0"
        },
        {
            "type": "text",
            "text": "botania.page.looniumStructures"
        },
        {
            "type": "botania:petal_apothecary",
            "text": "botania.page.loonium1",
            "recipe": "botania:petal_apothecary/loonium"
        }
    ],
    "extra_recipe_mappings": {
        "botania:floating_loonium": 2
    }
}