{
    "name": "botania.entry.marimorphosis",
    "category": "botania:functional_flowers",
    "icon": "botania:marimorphosis",
    "advancement": "botania:main/runic_altar_pickup",
    "pages": [
        {
            "type": "text",
            "text": "botania.page.marimorphosis0"
        },
        {
            "type": "text",
            "text": "botania.page.marimorphosis05"
        },
        {
            "type": "image",
            "text": "botania.page.marimorphosis1",
            "images": [
                "botania:textures/gui/entries/metamorphic_stones_0.png",
                "botania:textures/gui/entries/metamorphic_stones_1.png"
            ]
        },
        {
            "type": "botania:petal_apothecary",
            "text": "botania.page.marimorphosis2",
            "recipe": "botania:petal_apothecary/marimorphosis"
        },
        {
            "type": "botania:crafting_multi",
            "heading": "botania.entry.apothecary",
            "text": "botania.page.marimorphosis3",
            "recipes": [
                "botania:apothecary_forest",
                "botania:apothecary_plains",
                "botania:apothecary_mountain",
                "botania:apothecary_fungal",
                "botania:apothecary_swamp",
                "botania:apothecary_desert",
                "botania:apothecary_taiga",
                "botania:apothecary_mesa"
            ]
        }
    ],
    "extra_recipe_mappings": {
        "botania:floating_marimorphosis": 1
    }
}