{
    "name": "botania.entry.pollidisiac",
    "category": "botania:functional_flowers",
    "icon": "botania:pollidisiac",
    "advancement": "botania:main/runic_altar_pickup",
    "pages": [
        {
            "type": "text",
            "text": "botania.page.pollidisiac0"
        },
        {
            "type": "botania:petal_apothecary",
            "text": "botania.page.pollidisiac1",
            "recipe": "botania:petal_apothecary/pollidisiac"
        },
        {
            "type": "text",
            "text": "botania.page.pollidisiac2"
        }
    ],
    "extra_recipe_mappings": {
        "botania:floating_pollidisiac": 1
    }
}