{
    "name": "botania.entry.solegnolia",
    "category": "botania:functional_flowers",
    "icon": "botania:solegnolia",
    "advancement": "botania:main/mana_pool_pickup_lexicon",
    "pages": [
        {
            "type": "text",
            "text": "botania.page.solegnolia0"
        },
        {
            "type": "botania:petal_apothecary",
            "text": "botania.page.solegnolia1",
            "recipe": "botania:petal_apothecary/solegnolia"
        }
    ],
    "extra_recipe_mappings": {
        "botania:floating_solegnolia": 1
    }
}