{
    "name": "botania.entry.tangleberrie",
    "category": "botania:functional_flowers",
    "icon": "botania:tangleberrie",
    "advancement": "botania:main/runic_altar_pickup",
    "pages": [
        {
            "type": "text",
            "text": "botania.page.tangleberrie0"
        },
        {
            "type": "botania:petal_apothecary",
            "text": "botania.page.tangleberrie1",
            "recipe": "botania:petal_apothecary/tangleberrie"
        }
    ],
    "extra_recipe_mappings": {
        "botania:floating_tangleberrie": 1
    }
}