{
    "category": "chococraft:chocobos",
    "icon": "chococraft:yellow_chocobo_spawn_egg",
    "name": "info.chococraft.book.chocobo.entry.name",
    "pages": [
        {
            "type": "patchouli:entity",
            "entity": "chococraft:chocobo{Color:0b}",
            "text": "info.chococraft.book.chocobo.text"
        },
        {
            "type": "patchouli:text",
            "text": "info.chococraft.book.chocobo.text2"
        },
        {
            "type": "patchouli:spotlight",
            "item": "chococraft:gysahl_green",
            "text": "info.chococraft.book.chocobo.text4"
        },
        {
            "type": "patchouli:image",
            "border": true,
            "images": [
                "chococraft:textures/gui/entry/chocobo.png"
            ],
            "text": "info.chococraft.book.chocobo.text3"
        },
        {
            "type": "patchouli:entity",
            "entity": "chococraft:chocobo{Color:1b}",
            "name": "초코보 (초록색)",
            "text": "info.chococraft.book.chocobo.green.description"
        },
        {
            "type": "patchouli:text",
            "text": "info.chococraft.book.chocobo.green.description2"
        },
        {
            "type": "patchouli:entity",
            "entity": "chococraft:chocobo{Color:2b}",
            "name": "초코보 (파란색)",
            "text": "info.chococraft.book.chocobo.blue.description"
        },
        {
            "type": "patchouli:text",
            "text": "info.chococraft.book.chocobo.blue.description2"
        },
        {
            "type": "patchouli:entity",
            "entity": "chococraft:chocobo{Color:3b}",
            "name": "초코보 (하얀색)",
            "text": "info.chococraft.book.chocobo.white.description"
        },
        {
            "type": "patchouli:text",
            "text": "info.chococraft.book.chocobo.white.description2"
        },
        {
            "type": "patchouli:entity",
            "entity": "chococraft:chocobo{Color:4b}",
            "name": "초코보 (검은색)",
            "text": "info.chococraft.book.chocobo.black.description"
        },
        {
            "type": "patchouli:text",
            "text": "info.chococraft.book.chocobo.black.description2"
        },
        {
            "type": "patchouli:entity",
            "anchor": "gold",
            "entity": "chococraft:chocobo{Color:5b}",
            "name": "초코보 (금)",
            "text": "info.chococraft.book.chocobo.gold.description"
        },
        {
            "type": "patchouli:text",
            "text": "info.chococraft.book.chocobo.gold.description2"
        },
        {
            "type": "patchouli:entity",
            "entity": "chococraft:chocobo{Color:8b}",
            "name": "초코보 (보라색)",
            "text": "info.chococraft.book.chocobo.purple.description"
        },
        {
            "type": "patchouli:text",
            "text": "info.chococraft.book.chocobo.purple.description2"
        },
        {
            "type": "patchouli:entity",
            "entity": "chococraft:chocobo{Color:9b}",
            "name": "초코보 (화염)",
            "text": "info.chococraft.book.chocobo.flame.description"
        },
        {
            "type": "patchouli:text",
            "text": "info.chococraft.book.chocobo.flame.description2"
        },
        {
            "type": "patchouli:entity",
            "anchor": "pink",
            "entity": "chococraft:chocobo{Color:6b}",
            "name": "초코보 (분홍색)",
            "text": "info.chococraft.book.chocobo.pink.description"
        },
        {
            "type": "patchouli:text",
            "text": "info.chococraft.book.chocobo.pink.description2"
        },
        {
            "type": "patchouli:entity",
            "anchor": "red",
            "entity": "chococraft:chocobo{Color:7b}",
            "name": "초코보 (빨간색)",
            "text": "info.chococraft.book.chocobo.red.description"
        },
        {
            "type": "patchouli:text",
            "text": "info.chococraft.book.chocobo.red.description2"
        }
    ]
}