{
    "category": "chococraft:chocobos",
    "icon": "chococraft:chocobo_drumstick_raw",
    "name": "info.chococraft.book.raw_drumstick.entry.name",
    "pages": [
        {
            "type": "patchouli:text",
            "text": "info.chococraft.book.raw_drumstick.text1"
        },
        {
            "type": "patchouli:smelting",
            "recipe": "chococraft:chocobo_drumstick_cooked"
        },
        {
            "type": "patchouli:smoking",
            "recipe": "chococraft:chocobo_drumstick_cooked_from_smoking"
        },
        {
            "type": "patchouli:campfire",
            "recipe": "chococraft:chocobo_drumstick_cooked_from_campfire_cooking"
        }
    ]
}