{
    "name": "악기 제작",
    "icon": "minecraft:crafting_table",
    "category": "mimi:1overview",
    "pages": [
        {
            "type": "patchouli:text",
            "text": "MIMI에는 손에 들고 연주할 수 있는 다양한 악기($(italic)휴대용 악기$()) 또는 블록으로 배치할 수 있는 악기($(italic)블록 악기$().$(br2)악기를 연주하는 첫 번째 단계는 악기를 제작하는 것이므로 여기 오카리나(휴대용)와 마림바(블록)의 제작법이 있습니다."
        },
        {
            "type": "patchouli:crafting",
            "title": "제작법",
            "recipe": "mimi:ocarina",
            "recipe2": "mimi:marimba"
        }
    ],
    "sortnum": 1
}