{
    "name": "악기 연주",
    "icon": "mimi:ocarina",
    "category": "mimi:1overview",
    "pages": [
        {
            "type": "patchouli:text",
            "text": "악기 화면을 통해 악기의 MIDI 설정을 관리하고(나중에 설명) 키보드를 사용하거나 클릭하여 음표를 재생할 수 있습니다.$(br2)키보드 레이아웃은 MIMI 및 가상 피아노('VPiano') 레이아웃 간에 전환할 수 있으며 화면에 보이는 음표는 Shift 조작을 사용하여 조정할 수 있습니다."
        },
        {
            "type": "patchouli:text",
            "title": "휴대용",
            "text": "단축 바에서 휴대용 악기를 선택하거나 보조 손(방패) 슬롯에 넣으세요. 악기를 들고 우클릭하면 악기 화면이 열립니다. $(br2)양손에 악기를 들고 있을 때는 우클릭하면 주로 사용하는 손의 악기 화면이 열립니다. 키 지정을 사용하면 주로 사용하는 손($(bold)$(k:key.mimi.midi.gui.main)$()) 또는 보조 손  ($(bold)$(k:key.mimi.midi.gui.off)$())의 악기를 직접 열 수 있습니다."
        },
        {
            "type": "patchouli:text",
            "title": "블록",
            "text": "악기를 세상에 블록으로 설치하세요. 악기 블록을 우클릭하여 (보트처럼) 앉은 다음 다시 우클릭하여 악기 화면을 여세요. $(br2)악기를 들고 악기에 앉아 있을 때는 클릭할 때 어떤 악기 화면이 열리는지 혼동될 수 있습니다. 키 바인딩을 사용하면 앉아 있는 악기를 직접 열 수 있습니다($(bold)$(k:key.mimi.midi.gui.seat)$()).$(br2)"
        }
    ],
    "sortnum": 2
}