{
    "name": "다음은 무엇일까요?",
    "icon": "mimi:receiver",
    "category": "mimi:1overview",
    "pages": [
        {
            "type": "patchouli:text",
            "text": "이제 기본 사항을 알았으니 더 많은 것을 볼 수 있습니다! 다음과 같습니다. $(br)$(li)리시버 - 특정 음표에서 레드스톤을 트리거하세요!$(br)$(li)LED 큐브 - 다채로운 레드스톤 조명과 독특한 패턴으로 무대에 적합합니다.$(br)$(li)기계 거장 - 인간 플레이어 없이 악기를 연주하세요!"
        }
    ],
    "sortnum": 6
}