{
    "name": "휴대용 악기",
    "icon": "mimi:violin",
    "category": "mimi:2instruments",
    "pages": [
        {
            "type": "patchouli:text",
            "text": "MIMI의 휴대용 악기는 주로 사용하는 손 또는 보조 손에 들고 연주할 수 있는 악기입니다. $(br2)양손에 악기를 들고 연결된 송신기에서 음표를 재생할 때 동시에 연주할 수 있습니다."
        },
        {
            "type": "patchouli:text",
            "title": "연주하기",
            "text": "단축 바에서 주로 사용하는 손으로 악기를 선택하거나 보조 손 슬롯에 놓습니다. 그런 다음 악기를 들고 우클릭하여 악기 화면을 엽니다. $(br2)각 손에 악기를 하나씩 들고 있을 때 우클릭하면 주로 사용하는 손에 있는 악기의 악기 화면이 열립니다. 키 지정을 사용하여 주로 사용하는 손($(bold)$(k:key.mimi.midi.gui.main)$()) 또는 보조 손($(bold)$(k:key.mimi.midi.gui.off)$())에 있는 악기를 직접 열 수 있습니다."
        },
        {
            "type": "patchouli:text",
            "title": "몹",
            "text": "특정 몹에게 악기를 들고 있는 몹을 우클릭하여 악기를 줄 수도 있습니다. 송신기에 연결된 악기를 들고 있는 몹은 송신기에서 음표를 재생합니다. $(br2)악기를 사용할 수 있는 몹 목록은 구성할 수 있지만 기본적으로 좀비(및 변종), 스켈레톤(및 변종) 및 알레이가 포함됩니다.$(br2)"
        }
    ],
    "sortnum": 1
}