{
    "name": "악기 화면",
    "icon": "minecraft:oak_sign",
    "category": "mimi:2instruments",
    "pages": [
        {
            "type": "patchouli:text",
            "text": "악기 화면은 휴대용 또는 블록 악기를 우클릭할 때 보이는 화면으로, 악기를 직접 연주하고 MIDI 설정을 구성할 수 있습니다."
        },
        {
            "type": "patchouli:text",
            "title": "연주하기",
            "text": "화면에 있는 피아노 건반에 표시된 대로 키보드를 사용하거나 피아노 건반을 클릭하여 연 악기를 직접 연주할 수 있습니다. $(br2)연주하는 동안 스페이스를 누르고 있으면 피아노의 서스테인 페달을 누르고 있는 것과 같은 방식으로 음표가 유지됩니다.$(br2)우측 상단 모서리에 있는 버튼으로 피아노 키보드 레이아웃을 변경할 수 있습니다."
        },
        {
            "type": "patchouli:text",
            "title": "키 레이아웃",
            "text": "$(li)$(l)MIMI$() - 키보드 키는 현재 보이는 피아노 키에만 할당되며, 대소문자를 구분하지 않습니다.$(br)$(li)$(l)VPiano$() - $(o)virtualPiano.net$()을 기반으로, 각 키보드 키는 특정 피아노 키에 할당됩니다. 즉, 현재 $(o)보이지 않는$() 키를 연주할 수 있지만 매우 높거나 낮은 음표는 연주할 수 없습니다. 이 레이아웃의 키보드 키는 대소문자를 구분합니다."
        },
        {
            "type": "patchouli:text",
            "title": "이동",
            "text": "현재 화면에 보이는 음표는 '표시되는 음표 이동' 버튼을 사용하여 이동할 수 있습니다. 키보드를 사용하여 같은 방식으로 음표를 이동할 수도 있습니다.$(br)$(li)음표별: 왼쪽/오른쪽 화살표$(br)$(li)옥타브별: 위/아래쪽 화살표$(br2)피아노 키의 색상 막대는 이동 섹션의 음표 표시기와 일치하여 보이는 음표를 보여줍니다."
        },
        {
            "type": "patchouli:text",
            "title": "MIDI 설정",
            "text": "MIMI 악기는 MIDI 파일(송신기에 연결하여) 또는 PC에 연결된 MIDI 입력 장치를 통해 재생할 수도 있습니다.$(br2)편집 (연필 아이콘) 버튼을 클릭하면 악기의 MIDI 설정을 수정하는 메뉴가 나타납니다. 메뉴가 열려 있는 동안 편집 버튼을 다시 클릭하면 메뉴가 닫힙니다."
        },
        {
            "type": "patchouli:text",
            "text": "$(li)$(l)시스템 MIDI 장치$() - 이 악기가 PC에 연결된 MIDI 입력 장치로부터 음표를 재생할지 여부를 설정합니다.$(br)$(li)$(l)볼륨$() - 이 악기의 음표 볼륨을 설정합니다.$(br)$(li)$(l)전송 소스$() - 이 악기가 연결된 송신기 또는 릴레이입니다(음표를 재생합니다). \"ME\" 및 \"X\" 버튼을 사용하여 자신에게 연결하거나 연결을 해제할 수 있습니다."
        },
        {
            "type": "patchouli:text",
            "text": "$(li)$(l)활성화된 MIDI 채널$() - 송신기 또는 시스템 MIDI 입력 장치에 연결 시, 이 악기가 음표를 재생할 MIDI 채널을 설정합니다.$(br2)MIDI 채널은 노래의 개별 파트(예: 피아노, 기타, 드럼)를 나타냅니다. MIDI 파일은 최대 16개의 채널을 가질 수 있지만 1개만 가질 수도 있습니다. 채널 10은 일반적으로 드럼용이며 다른 악기에서는 소리가 좋지 않을 수 있습니다. MIDI 입력 장치는 일반적으로 채널 1 또는 2를 사용합니다."
        }
    ],
    "sortnum": 3
}