{
    "name": "악기 구성",
    "icon": "minecraft:writable_book",
    "category": "mimi:2instruments",
    "pages": [
        {
            "type": "patchouli:text",
            "text": "악기 화면을 사용하는 것 외에도 악기의 MIDI 설정을 설정할 수 있는 몇 가지 다른 방법이 있습니다.$(br2)악기를 플레이어 또는 서버 송신기 블록에 연결하려면, 연결할 악기를 가진 플레이어 또는 블록을 우클릭하십시오."
        },
        {
            "type": "patchouli:text",
            "text": "한 악기의 MIDI 설정을 다른 악기로 복사하려면 두 악기를 제작 그리드에서 서로 바로 옆에 놓으십시오. 오른쪽 악기의 설정이 왼쪽 악기의 값으로 설정됩니다."
        }
    ],
    "sortnum": 4
}