{
    "name": "악기 조율",
    "icon": "mimi:tuningtable",
    "category": "mimi:2instruments",
    "extra_recipe_mappings": {
        "mimi:accordion2": 3,
        "mimi:acguitar2": 4,
        "mimi:acguitar3": 4,
        "mimi:bassguitar2": 5,
        "mimi:bassguitar3": 5,
        "mimi:drums2": 6,
        "mimi:drums3": 6,
        "mimi:drums4": 6,
        "mimi:drums5": 6,
        "mimi:edrums2": 7,
        "mimi:elecguitar2": 8,
        "mimi:elecguitar3": 8,
        "mimi:elecguitar4": 8,
        "mimi:elecguitar5": 8,
        "mimi:keyboard2": 9,
        "mimi:keyboard3": 9,
        "mimi:keyboard4": 9,
        "mimi:keyboard5": 9,
        "mimi:microphone2": 10,
        "mimi:microphone3": 10,
        "mimi:microphone4": 10,
        "mimi:microphone5": 10,
        "mimi:microphone6": 10,
        "mimi:organ2": 11,
        "mimi:organ3": 11,
        "mimi:organ4": 11,
        "mimi:organ5": 11,
        "mimi:piano2": 12,
        "mimi:piano3": 12,
        "mimi:piano4": 12,
        "mimi:prophet2": 13,
        "mimi:prophet3": 13,
        "mimi:prophet4": 13,
        "mimi:prophet5": 13,
        "mimi:prophet6": 13,
        "mimi:prophet7": 14,
        "mimi:prophet8": 14,
        "mimi:prophet9": 14,
        "mimi:saxophone2": 15,
        "mimi:saxophone3": 15,
        "mimi:saxophone4": 15,
        "mimi:synlead2": 16,
        "mimi:synlead3": 16,
        "mimi:synlead4": 16,
        "mimi:trumpet2": 17,
        "mimi:violin2": 18
    },
    "pages": [
        {
            "type": "patchouli:text",
            "text": "많은 악기는 $(o)조율$()하여 원래 소리와 약간(또는 어떤 경우에는 상당히) 다른 소리를 낼 수 있습니다.$(br2)조율 가능한 악기를 조율하려면 먼저 조율 작업대를 제작해야 합니다."
        },
        {
            "type": "patchouli:crafting",
            "title": "제작법",
            "recipe": "mimi:tuningtable"
        },
        {
            "type": "patchouli:text",
            "title": "테이블 사용",
            "text": "조율 작업대를 사용하려면 조율 가능한 악기를 왼쪽 슬롯에 삽입하고 해당 조율 변경자를 오른쪽 슬롯에 삽입하십시오. 결과적으로 조율된 악기를 출력 슬롯에서 제거할 수 있습니다(MIDI 설정 및 염색 색깔은 유지됨).$(br2)조율 가능한 악기 및 지원되는 변경자 목록은 다음 페이지 또는 JEI가 설치된 경우 JEI에서 찾을 수 있습니다."
        },
        {
            "type": "patchouli:spotlight",
            "item": "mimi:accordion",
            "title": "아코디언",
            "text": "$(l)일반$() - 막대기$(br2)$(l)반도네온$() - 코코아 콩"
        },
        {
            "type": "patchouli:spotlight",
            "item": "mimi:acguitar",
            "title": "어쿠스틱 기타",
            "text": "$(l)나일론$() - 막대기$(br2)$(l)스틸$() - 체인$(br2)$(l)베이스$() - 끈"
        },
        {
            "type": "patchouli:spotlight",
            "item": "mimi:bassguitar",
            "title": "베이스 기타",
            "text": "$(l)핑거$() - 막대기$(br2)$(l)슬랩$() - 가죽$(br2)$(l)피크$() - 부싯돌"
        },
        {
            "type": "patchouli:spotlight",
            "item": "mimi:drums",
            "title": "드럼 키트",
            "text": "$(l)일반$() - 막대기$(br2)$(l)룸$() - 판자$(br2)$(l)파워$() - 조약돌$(br2)$(l)재즈$() - 금 조각$(br2)$(l)브러쉬$() - 깃털"
        },
        {
            "type": "patchouli:spotlight",
            "item": "mimi:edrums",
            "title": "전자 드럼",
            "text": "$(l)일반$() - 막대기$(br2)$(l)TR-808$() - 석영"
        },
        {
            "type": "patchouli:spotlight",
            "item": "mimi:elecguitar",
            "title": "일렉트릭 기타",
            "text": "$(l)파워$() - 막대기$(br2)$(l)재즈$() - 금 조각$(br2)$(l)하와이$() - 켈프$(br2)$(l)클린$() - 눈덩이$(br2)$(l)드라이븐$() - 블레이즈 가루"
        },
        {
            "type": "patchouli:spotlight",
            "item": "mimi:keyboard",
            "title": "키보드",
            "text": "$(l)로즈$() - 막대기$(br2)$(l)코러스$() - 코러스 과일$(br2)$(l)클라비넷$() - 철 조각$(br2)$(l)오르간$() - 가스트 눈물$(br2)$(l)전자 피아노$() - 실"
        },
        {
            "type": "patchouli:spotlight",
            "item": "mimi:microphone",
            "title": "마이크",
            "text": "$(l)두$() - 막대기$(br2)$(l)아$() - 벌집$(br2)$(l)우$() - 팬텀 막$(br2)$(l)신스$() - 레드스톤$(br2)$(l)스페이스$() - 엔더 진주$(br2)$(l)코러스$() - 코러스 과일"
        },
        {
            "type": "patchouli:spotlight",
            "item": "mimi:organ",
            "title": "오르간",
            "text": "$(l)교회$() - 막대기$(br2)$(l)드로바$() - 철창$(br2)$(l)퍼커시브$() - 뼈다귀$(br2)$(l)록$() - 화강암$(br2)$(l)리드$() - 사탕수수"
        },
        {
            "type": "patchouli:spotlight",
            "item": "mimi:piano",
            "title": "피아노",
            "text": "$(l)웅장한$() - 막대기$(br2)$(l)밝은$() - 발광석 가루$(br2)$(l)전기$() - 레드스톤 가루$(br2)$(l)호키통크$() - 바다 오이"
        },
        {
            "type": "patchouli:spotlight",
            "item": "mimi:prophet",
            "title": "Prophet-5 (1/2)",
            "text": "$(l)폴리$() - 막대기$(br2)$(l)브라스$() - 금 조각$(br2)$(l)브라스-M$() - 구리 주괴$(br2)$(l)치퍼$() - 유리병$(br2)$(l)현$() - 실$(br2)$(l)스윕$() - 먹물 주머니"
        },
        {
            "type": "patchouli:spotlight",
            "item": "mimi:prophet",
            "title": "Prophet-5 (2/2)",
            "text": "$(l)코러스$() - 코러스 열매$(br2)$(l)맬릿$() - 벽돌$(br2)$(l)Dr. Solo$() - 독이 있는 감자"
        },
        {
            "type": "patchouli:spotlight",
            "item": "mimi:saxophone",
            "title": "색소폰",
            "text": "$(l)알토$() - 막대기$(br2)$(l)소프라노$() - 깃털$(br2)$(l)테너$() - 슬라임 볼$(br2)$(l)바리톤$() - 마그마 크림"
        },
        {
            "type": "patchouli:spotlight",
            "item": "mimi:synlead",
            "title": "신스 웨이브",
            "text": "$(l)정사각형$() - 막대기$(br2)$(l)톱니파$() - 부싯돌$(br2)$(l)사인파$() - 인갑 (거북 점액)$(br2)$(l)5도$() - 프리즈머린 조각"
        },
        {
            "type": "patchouli:spotlight",
            "item": "mimi:trumpet",
            "title": "트럼펫",
            "text": "$(l)일반$() - 막대기$(br2)$(l)소리가 죽은$() - 점토 덩이"
        },
        {
            "type": "patchouli:spotlight",
            "item": "mimi:violin",
            "title": "바이올린",
            "text": "$(l)일반$() - 막대기$(br2)$(l)트리오$() - 대나무"
        }
    ],
    "sortnum": 5
}