{
    "name": "염색 도구",
    "icon": "minecraft:red_dye",
    "category": "mimi:2instruments",
    "pages": [
        {
            "type": "patchouli:text",
            "text": "MIMI의 일부 악기는 가죽 갑옷처럼 제작대에서 염료와 결합하여 색상을 변경할 수 있습니다.$(br2)염료를 씻어내려면 악기를 들고 물이 담긴 가마솥을 우클릭하세요."
        },
        {
            "type": "patchouli:text",
            "title": "염색 가능",
            "text": "다음 악기를 염색할 수 있습니다:$(br2)$(l)휴대용:$() 아코디언, 어쿠스틱 기타, 백파이프, 베이스 기타, 일렉트릭 기타, 하모니카, 칼림바, 오카리나, 뮤직 박스, 리코더$(br2)$(l)블록:$() 첼레스타, 북, 전자 드럼, 하프시코드, 키보드 오르간, 피아노, 스틸 드럼$(br2)"
        }
    ],
    "sortnum": 6
}