{
    "name": "MIDI 장치 사용",
    "icon": "mimi:settingssync",
    "category": "mimi:2instruments",
    "pages": [
        {
            "type": "patchouli:text",
            "text": "MIMI의 악기는 PC에 연결된 MIDI 입력 장치(예: 디지털 피아노 또는 신디사이저)를 사용하여 연주할 수도 있습니다. $(br2)MIMI 악기가 사용할 MIDI 입력 장치를 설정하려면 키 바인드($(l)$(k:key.mimi.midi.gui.settings)$())를 사용하거나 $(l)/mimi 설정()$ 명령을 실행하여 언제든지 열 수 있는 장치 설정 화면을 사용하면 됩니다."
        },
        {
            "type": "patchouli:text",
            "text": "장치 설정 화면에는 시스템에서 감지한 MIDI 입력 장치 목록이 하단에 표시됩니다. 화살표를 사용하여 장치를 탐색하고 저장 버튼을 사용하여 연결할 장치를 선택합니다.$(br2)장치를 선택한 후 새 장치를 선택하려면 게임을 재시작해야 합니다."
        },
        {
            "type": "patchouli:text",
            "text": "선택한 장치는 장치의 상태와 함께 장치 설정 화면 상단에 나타납니다."
        },
        {
            "type": "patchouli:text",
            "title": "악기 연결",
            "text": "MIDI 입력 장치를 선택하고 사용할 준비가 되면 악기의 MIDI 설정에서 \"Sys MIDI Device\" 토글을 활성화하여 장치에서 MIMI로 음표를 보낼 수 있습니다.$(br2)또한 MIDI 입력 장치가 음표를 보내는 악기의 MIDI 채널(일반적으로 채널 1 또는 2)을 활성화하거나 안전을 위해 모든 채널을 활성화해야 합니다. :)"
        },
        {
            "type": "patchouli:text",
            "text": "이제 MIDI 입력 장치에서 음표를 연주하고 악기가 연주하는 소리를 들을 수 있습니다.$(br2)송신기와 마찬가지로 MIMI 악기는 악기 화면을 닫은 후에도 악기를 계속 누르고 있거나 앉아 있는 한 MIDI 입력 장치 음표를 계속 재생합니다."
        },
        {
            "type": "patchouli:text",
            "title": "벨로시티 변경자",
            "text": "벨로시티 화살표를 사용하여 선택한 MIDI 입력 장치에서 수신한 모든 음표에 적용해야 하는 벨로시티 변경자를 설정할 수도 있습니다. 이는 장치에서 재생되는 음표의 볼륨을 높이거나 낮추는 데 사용할 수 있습니다."
        },
        {
            "type": "patchouli:text",
            "title": "문제 해결",
            "text": "MIDI와 마인크래프트가 제대로 호환되지 않을 때가 있습니다. 작동하지 않을 경우 다음 사항을 시도해 보세요. $(br2)$(l)장치가 표시되지 않음$()$(br2)1. 마인크래프트를 시작하기 전에 장치를 연결하고 PC에서 감지되는지 확인하세요.$(br2)2. 장치를 재시작하거나 플러그를 뽑았다가 다시 꽂으세요. 진지하게, 이 방법으로 대부분의 문제(약 70%)가 해결됩니다!"
        },
        {
            "type": "patchouli:text",
            "text": "$(l)장치 상태 오류$()$(br2)1. '장치가 표시되지 않음' 문제 해결 방법과 동일한 단계를 시도해 보세요.$(br2)2. PC의 다른 프로그램에서 장치를 이미 사용하고 있지 않은지 확인하세요. 대부분의 MIDI 입력 장치는 한 번에 하나의 프로그램에서만 사용할 수 있습니다."
        }
    ],
    "sortnum": 7
}