{
    "name": "특수 악기",
    "icon": "mimi:witchpipe",
    "category": "mimi:2instruments",
    "pages": [
        {
            "type": "patchouli:text",
            "text": "MIMI의 모든 악기를 제작할 수 있는 것은 아닙니다. 어떤 악기는 다른 방법으로 세계에서 얻어야 합니다..."
        },
        {
            "type": "spotlight",
            "item": "mimi:bonelute",
            "link_recipe": true,
            "text": "신중하게 조각된 뼈로 만든 류트는 덜거덕거리는 소리를 내며, 잊을 수 없는 쨍그랑거리는 소리의 코러스와 함께 사라집니다. 고도로 숙련된 스켈레톤 장인만이 뼈 류트를 만들 수 있으며, 따라서 스켈레톤을 처치할 때 우연히 얻을 수밖에 없습니다."
        },
        {
            "type": "spotlight",
            "item": "mimi:witchpipe",
            "link_recipe": true,
            "text": "어둠의 마법이 주입된 파이프인 마녀 파이프는 연주할 때 으스스하고 웅웅거리는 소리를 냅니다. 파이프를 만드는 데 필요한 주문은 소수의 마녀만이 알고 있으므로 마녀를 처치할 때 우연히 얻을 수밖에 없습니다."
        }
    ],
    "sortnum": 8
}