{
    "name": "MIDI 파일",
    "icon": "minecraft:music_disc_mellohi",
    "category": "mimi:3transmitter",
    "pages": [
        {
            "type": "patchouli:text",
            "title": "MIDI 파일 찾기",
            "text": "송신기를 사용하려면 먼저 송신기에서 재생할 MIDI 파일을 구해야 합니다.$(br2)MIDI 파일은 컴퓨터에서 듣는 일반 음악(예: MP3 파일)과 같지 않으며 MIMI는 다른 종류의 음악 파일 재생을 지원하지 않습니다. 일반 음악 파일은 악기가 음표를 연주하는 것을 녹음한 것이지만 MIDI 파일은 음표 자체, 즉 연주 방법에 대한 지시사항입니다."
        },
        {
            "type": "patchouli:text",
            "text": "MIDI는 오랫동안 사용되어 왔기 때문에 온라인에서 많은 곡을 구할 수 있지만, MIDI 파일이 생성된 최신 곡을 찾기는 어려울 수 있습니다. 무료 MIDI 파일이 많은 사이트 링크는 다음과 같습니다.$(br2)1. $(l:https://bitmidi.com/)BitMidi.com$()$(br)2. $(l:https://freemidi.org/)FreeMidi.org$()$(br)3. $(l:https://www.midiworld.com/files/)MidiWorld.com$()$(br)4. $(l:https://freemidis.net)FreeMidis.net$()$(br)5. $(l:https://midifind.com/)MidiFind.com$()$(br2)Google을 통해 더 쉽게 찾을 수 있습니다!"
        }
    ],
    "sortnum": 1
}