{
    "name": "송신기",
    "icon": "mimi:transmitter",
    "category": "mimi:3transmitter",
    "pages": [
        {
            "type": "patchouli:text",
            "text": "송신기는 MIDI 파일의 음표를 MIMI의 악기로 전송하는 데 사용됩니다.$(br2)송신기를 제작한 후, 주 손이나 보조 손에 들고 우클릭하여 송신기 화면을 여세요.$(br2)송신기는 각 플레이어가 하나만 가지고 있고 모든 송신기 아이템이 해당 플레이어에 대해 동일하다는 점에서 엔더 상자와 약간 비슷하게 작동합니다."
        },
        {
            "type": "patchouli:crafting",
            "recipe": "mimi:transmitter",
            "link_recipe": true,
            "text": "일단 곡이 재생되면 송신기 하나가 손이나 단축바에 있을 경우 계속 재생됩니다.$(br2)선택하지 않고 단축 바에서 송신기를 열려면 키 바인드($(l)$(k:key.mimi.midi.gui.transmitter)$())를 사용할 수 있습니다."
        }
    ],
    "sortnum": 2
}