{
    "name": "서버 송신기",
    "icon": "mimi:transmitterblock",
    "category": "mimi:3transmitter",
    "pages": [
        {
            "type": "patchouli:text",
            "text": "서버 송신기는 플레이어가 MIDI 파일을 재생하기 위해 들고 있을 필요가 없는 송신기의 블록 형태입니다. 그러나 서버에서 제공하는 곡만 재생할 수 있습니다.$(br2)MIDI 파일은 MIMI 설정 폴더 내의 'server_midi_files' 폴더에 넣고(싱글 플레이어 및 LAN의 호스트에서도 작동) 새로 고침 버튼을 클릭하여 서버 송신기에 추가할 수 있습니다."
        },
        {
            "type": "patchouli:crafting",
            "recipe": "mimi:transmitterblock",
            "text": "휴대용 송신기는 플레이어마다 설정이 저장되지만, 서버 송신기는 각 블록별로 설정이 저장됩니다.$(br2)서버 송신기 블록은 곡을 재생하는 동안 레드스톤 신호를 방출합니다."
        }
    ],
    "sortnum": 3
}