{
    "name": "송신기 화면",
    "icon": "minecraft:oak_sign",
    "category": "mimi:3transmitter",
    "pages": [
        {
            "type": "patchouli:text",
            "text": "송신기 화면은 들고 있는 송신기 또는 서버 송신기 블록을 우클릭하면 보이는 화면으로, 재생 목록 컨트롤을 사용하여 송신기의 MIDI 파일 재생을 제어할 수 있습니다."
        },
        {
            "type": "patchouli:text",
            "title": "곡 추가",
            "text": "송신기(또는 싱글 플레이어/LAN 호스트인 경우 서버 송신기)를 사용할 때 좌측 상단 모서리에 있는 폴더 버튼을 클릭하면 불러오려는 MIDI 파일이 있는 폴더가 열립니다.$(br2)파일을 추가/제거한 경우 우측 상단 모서리에 있는 새로 고침 버튼을 클릭하여 재생 목록에 불러오십시오.$(br2)\".mid\" 또는 \".midi\"로 끝나는 MIDI 파일만 감지됩니다."
        },
        {
            "type": "patchouli:text",
            "title": "노래 필터링",
            "text": "송신기를 사용할 때 우측 상단의 버튼을 사용하여 소스(PC, 서버, 모든)별로(휴대용 송신기에만 해당) 즐겨찾기(즐겨찾기, 즐겨찾기 아님, 모든)별로 곡 재생 목록을 필터링할 수 있습니다.$(br2)송을 즐겨찾기로 표시하려면 선택한 송 이름 오른쪽에 있는 하트 플러스 버튼을 사용하십시오. 이미 즐겨찾기로 설정된 경우 동일한 버튼을 사용하여 송을 즐겨찾기 해제할 수 있습니다."
        },
        {
            "type": "patchouli:text",
            "title": "송 재생",
            "text": "좌측 하단의 재생 목록 컨트롤을 사용하여 선택한 곡을 변경하고 재생을 제어합니다.$(br2)재생 목록 컨트롤 오른쪽에 있는 버튼을 사용하여 루프(하나, 모두 또는 없음) 및 셔플(셔플 또는 임의 재생 안 함) 모드를 변경할 수 있습니다.$(br2)우측 하단의 재생 막대는 현재 선택한 곡의 진행 상황을 보여줍니다."
        }
    ],
    "sortnum": 4
}