{
    "name": "청취기",
    "icon": "mimi:listener",
    "category": "mimi:4redstone",
    "pages": [
        {
            "type": "patchouli:spotlight",
            "title": "청취기",
            "item": "mimi:listener",
            "text": "청취기는 주변에서 재생되는 음표를 듣고 음표가 청취기의 설정된 필터 조건과 일치하면 레드스톤 신호를 출력하는 블록입니다."
        },
        {
            "type": "patchouli:crafting",
            "title": "제작법",
            "link_recipe": true,
            "recipe": "mimi:listener"
        },
        {
            "type": "patchouli:text",
            "title": "설정",
            "text": "$(li)$(l)필터 음표$(): 청취기가 응답해야 하는 음표입니다. 값은 모든 음표, 특정 음표(예: C5), 옥타브의 모든 음표(예: *5) 또는 음표의 모든 옥타브(예: C*)일 수 있습니다.$(br)$(li)$(l)필터 악기$(): 청취기가 응답해야 하는 악기입니다. 값은 특정 악기 하나 또는 특정 악기 $(italic)제외한$() 모든 악기일 수 있습니다."
        },
        {
            "type": "patchouli:text",
            "text": "$(li)$(l)트리거 모드$(): 청취기가 음표를 누르고 있는 동안 계속 레드스톤 신호를 방출해야 하는지 아니면 음표가 시작될 때만 방출해야 하는지 여부입니다."
        }
    ],
    "sortnum": 1
}