{
    "name": "기계 거장",
    "icon": "mimi:mechanicalmaestro",
    "category": "mimi:4redstone",
    "pages": [
        {
            "type": "patchouli:spotlight",
            "title": "기계 거장",
            "item": "mimi:mechanicalmaestro",
            "text": "기계 거장은 레드스톤으로 전원이 공급되고 악기가 주어지면 악기에 연결된 근처 송신기에서 음표를 수신할 때 주어진 악기를 연주하는 블록입니다."
        },
        {
            "type": "patchouli:crafting",
            "title": "제작법",
            "recipe": "mimi:mechanicalmaestro"
        }
    ],
    "sortnum": 3
}