{
    "name": "LED 큐브",
    "icon": "mimi:ledcube_a",
    "category": "mimi:4redstone",
    "pages": [
        {
            "type": "patchouli:spotlight",
            "title": "LED 큐브",
            "item": "mimi:ledcube_a",
            "text": "LED 큐브는 16가지 색상 중 하나로 설정할 수 있으며 레드스톤으로 전원이 공급되면 빛납니다.$(br2)LED 큐브는 레드스톤에 빠르게 반응하기 때문에 청취기 및 수신기와 함께 사용하면 좋습니다. 그러나 LED 큐브는 주변의 광도를 변경하지 않으며 몹이 스폰되는 것을 막지 않습니다."
        },
        {
            "type": "patchouli:crafting",
            "title": "제작법",
            "recipe": "mimi:ledcube_a",
            "text": "LED 큐브 디자인은 제작 격자에서 동일한 디자인의 큐브 4개를 정사각형으로 배치하여 변경할 수 있습니다.$(br2)또한 제작 격자에서 LED 큐브 스택 두 개를 바로 옆에 배치하여 왼쪽 스택에서 오른쪽 스택으로 디자인, 색상 및 반전 설정을 복사할 수도 있습니다."
        },
        {
            "type": "patchouli:text",
            "text": "월드에서 LED 큐브의 색상을 변경하려면 빈 손으로 우클릭하십시오.$(br2)레드스톤 횃불 또는 레드스톤 블록을 들고 있는 동안 우클릭하면 월드에서 LED 큐브를 반전(레드스톤 신호 없이 켜지게 함)할 수 있습니다."
        }
    ],
    "sortnum": 4
}