{
    "name": "효과 방출기",
    "icon": "mimi:effectemitter",
    "category": "mimi:4redstone",
    "pages": [
        {
            "type": "patchouli:spotlight",
            "title": "효과 방출기",
            "item": "mimi:effectemitter",
            "text": "효과 방출기는 레드스톤에 의해 트리거될 때 소리를 재생하거나 입자 효과를 표시할 수 있습니다. $(br2)소리 및 입자에 대해 여러 설정을 변경할 수 있으며 각 텍스트 상자 옆에 있는 재생 버튼을 사용하여 소리 및 입자에 대한 설정을 미리 볼 수 있습니다."
        },
        {
            "type": "patchouli:crafting",
            "title": "제작법",
            "recipe": "mimi:effectemitter",
            "text": "제작 격자에 두 개의 효과 방출기를 서로 바로 옆에 배치하면 한 효과 방출기의 설정을 다른 효과 방출기로 복사할 수 있습니다. 왼쪽에 있는 효과 방출기의 설정이 오른쪽에 있는 효과 방출기로 복사됩니다."
        },
        {
            "type": "patchouli:text",
            "title": "소리",
            "text": "소리를 설정하려면 소리 상자에 전체 리소스 이름을 입력하십시오. /playsound 명령을 사용하고 자동 완성 추천을 확인하여 사용 가능한 소리를 볼 수 있습니다.$(br2)각 설정 옆에 있는 화살표 버튼을 사용하여 소리의 볼륨, 음높이 및 반복 지연을 변경할 수 있습니다."
        },
        {
            "type": "patchouli:text",
            "title": "입자",
            "text": "입자를 설정하려면 입자 상자에 전체 리소스 이름을 입력하십시오. /particle 명령을 사용하고 자동 완성 추천을 확인하여 사용 가능한 입자를 볼 수 있습니다(작동하지 않는 몇 가지 입자가 있습니다).$(br2)각 설정 옆에 있는 화살표 버튼을 사용하여 입자 크기, 범위, 개수, 속도(때로는 다른 것을 변경함) 및 반복 지연을 변경할 수 있습니다."
        }
    ],
    "sortnum": 5
}