{
    "name": "릴레이",
    "icon": "mimi:relay",
    "category": "mimi:4redstone",
    "pages": [
        {
            "type": "patchouli:spotlight",
            "title": "릴레이",
            "item": "mimi:relay",
            "text": "릴레이는 송신기(또는 다른 릴레이)에 연결한 다음 훨씬 더 넓은 범위로 브로드캐스트된 음표를 다시 브로드캐스트할 수 있는 블록입니다.$(br2)릴레이 설정을 사용하여 음표를 다른 채널로 다시 매핑할 수 있습니다."
        },
        {
            "type": "patchouli:crafting",
            "title": "제작법",
            "recipe": "mimi:relay",
            "text": "제작 격자에 두 개의 릴레이를 서로 바로 옆에 배치하면 한 릴레이의 설정을 다른 릴레이로 복사할 수 있습니다. 왼쪽에 있는 릴레이의 설정이 오른쪽에 있는 릴레이로 복사됩니다."
        },
        {
            "type": "patchouli:text",
            "title": "설정",
            "text": "$(li)$(l)채널 맵$(): 릴레이가 음표를 수신해야 하는 채널과 해당 음표를 브로드캐스트해야 하는 채널입니다.$(br)$(li)$(l)전송 소스$(): 이 릴레이가 연결된 송신기 또는 릴레이입니다. 수신기 화면에서 자신에게 설정하거나 수신기를 사용하여 플레이어/블록을 우클릭하여 연결합니다."
        }
    ],
    "sortnum": 6
}