{
    "name": "악기 연주자",
    "icon": "minecraft:emerald",
    "category": "mimi:5other",
    "pages": [
        {
            "type": "patchouli:entity",
            "entity": "minecraft:villager{VillagerData:{profession:\"mimi:instrumentalist\",level:3,type:plains}}"
        },
        {
            "type": "patchouli:spotlight",
            "item": "mimi:tuningtable",
            "title": "작업대",
            "text": "악기 연주자 주민의 작업대인 MIMI 조율대입니다.$(br2)조율대는 마을에서 생성될 때 악사 집에서 생성되거나 $(l:2_5tuning)제작법$()을 사용하여 제작할 수 있습니다."
        },
        {
            "type": "patchouli:text",
            "title": "거래",
            "text": "악기 연주자는 레벨에 따라 다음 아이템을 거래할 수 있습니다.$(br)$(li)$(l)레벨 1$() - 마인크래프트 고양이 또는 13 음반, 소리 블록$(br)$(li)$(l)레벨 2 - 무작위 휴대용 악기$(br)$(li)$(l)레벨 3 - 무작위 블록 악기, 송신기"
        },
        {
            "type": "patchouli:text",
            "text": "$(li)$(l)레벨 4$() - 무작위 휴대용 악기, 무작위 MIMI 레드스톤 블록$(br)$(li)$(l)레벨 5 - 무작위 블록 악기, 무작위 마인크래프트 음반('Otherside' 제외), 음반 파편"
        }
    ],
    "sortnum": 1
}