{
    "name": "소스 링커",
    "icon": "mimi:sourcelinker",
    "category": "mimi:5other",
    "pages": [
        {
            "type": "patchouli:text",
            "text": "소스 링커는 블록 악기, 수신기 및 릴레이를 송신기에 연결하는 데 사용할 수 있는 아이템입니다.$(br2)소스 링커를 사용하려면 하나를 제작한 다음 Shift + 우클릭하여 송신기 소스(플레이어, 서버 송신기 또는 릴레이)를 클릭하여 해당 송신기에 연결합니다. 그런 다음 송신기에 연결하려는 블록을 우클릭합니다."
        },
        {
            "type": "patchouli:crafting",
            "recipe": "mimi:sourcelinker",
            "link_recipe": true,
            "text": ""
        }
    ],
    "sortnum": 1
}