{
    "name": "설정 동기화 장치",
    "icon": "mimi:settingssync",
    "category": "mimi:5other",
    "pages": [
        {
            "type": "patchouli:text",
            "text": "설정 동기화 장치는 동일한 유형의 MIMI 블록 간에 설정을 복사-붙여넣기할 수 있는 아이템입니다.$(br2)설정 동기화 장치를 사용하려면 하나를 제작한 다음 Shift + 우클릭하여 블록을 클릭하여 설정을 동기화 장치에 복사합니다. 그런 다음 복사된 설정을 붙여넣을 동일한 유형의 다른 블록을 우클릭합니다."
        },
        {
            "type": "patchouli:crafting",
            "recipe": "mimi:settingssync",
            "link_recipe": true,
            "text": ""
        }
    ],
    "sortnum": 1
}