{
    "name": "오디오 출력",
    "icon": "mimi:trumpet",
    "category": "mimi:6settings",
    "pages": [
        {
            "type": "patchouli:text",
            "text": "키 바인드($(l)$(k:key.mimi.midi.gui.settings)$()) 또는 $(l)/mimi 설정$() 명령을 사용하여 언제든지 장치 설정 화면을 열어 글로벌 볼륨 및 출력 장치를 포함한 MIMI의 오디오 출력 설정을 구성할 수 있습니다.$(br2)장치 설정 화면은 시스템에서 감지한 오디오 출력 장치 목록을 하단에 표시합니다."
        },
        {
            "type": "patchouli:text",
            "text": "화살표를 사용하여 장치를 탐색하고 저장 버튼을 눌러 MIMI가 오디오를 출력할 장치를 선택하십시오. 일반적으로 '자동'(마인크래프트와 동일한 장치)으로 설정해 두어도 되지만, Mac 또는 Linux에서 플레이하는 경우 제대로 작동하지 않을 수 있습니다."
        },
        {
            "type": "patchouli:text",
            "text": "장치 설정 화면에서는 MIMI 음표의 글로벌 볼륨을 설정할 수도 있습니다.$(br2)MIMI 음표의 볼륨은 마인크래프트 설정의 '주크박스/음표 블록' 및 '마스터' 볼륨 슬라이더의 영향을 받습니다."
        }
    ],
    "sortnum": 1
}