{
    "name": "botania.entry.dandelifeon",
    "category": "botania:generating_flowers",
    "icon": "botania:dandelifeon",
    "entry_color": "aa00",
    "advancement": "botania:main/elf_lexicon_pickup",
    "pages": [
        {
            "type": "text",
            "text": "botania.page.dandelifeon0"
        },
        {
            "type": "text",
            "text": "botania.page.dandelifeon1"
        },
        {
            "type": "text",
            "text": "botania.page.dandelifeon2"
        },
        {
            "type": "text",
            "text": "botania.page.dandelifeon3"
        },
        {
            "type": "text",
            "text": "botania.page.dandelifeon4"
        },
        {
            "type": "text",
            "text": "botania.page.dandelifeon5"
        },
        {
            "type": "text",
            "text": "botania.page.dandelifeon6"
        },
        {
            "type": "text",
            "text": "botania.page.dandelifeon10"
        },
        {
            "type": "text",
            "text": "botania.page.dandelifeon7"
        },
        {
            "type": "botania:petal_apothecary",
            "text": "botania.page.dandelifeon8",
            "recipe": "botania:petal_apothecary/dandelifeon"
        },
        {
            "type": "crafting",
            "text": "botania.page.dandelifeon9",
            "recipe": "botania:cell_block"
        }
    ],
    "extra_recipe_mappings": {
        "botania:floating_dandelifeon": 1
    }
}