{
    "name": "botania.entry.kekimurus",
    "category": "botania:generating_flowers",
    "icon": "botania:kekimurus",
    "entry_color": "aa00",
    "advancement": "botania:main/elf_lexicon_pickup",
    "pages": [
        {
            "type": "text",
            "text": "botania.page.kekimurus0"
        },
        {
            "type": "botania:petal_apothecary",
            "text": "botania.page.kekimurus1",
            "recipe": "botania:petal_apothecary/kekimurus"
        }
    ],
    "extra_recipe_mappings": {
        "botania:floating_kekimurus": 1
    }
}