{
    "name": "botania.entry.rafflowsia",
    "category": "botania:generating_flowers",
    "icon": "botania:rafflowsia",
    "entry_color": "aa00",
    "advancement": "botania:main/elf_lexicon_pickup",
    "pages": [
        {
            "type": "text",
            "text": "botania.page.rafflowsia0"
        },
        {
            "type": "botania:petal_apothecary",
            "text": "botania.page.rafflowsia1",
            "recipe": "botania:petal_apothecary/rafflowsia"
        }
    ],
    "extra_recipe_mappings": {
        "botania:floating_rafflowsia": 1
    }
}