{
    "processor": "vazkii.botania.client.patchouli.processor.ManaInfusionProcessor",
    "components": [
        {
            "type": "patchouli:image",
            "image": "botania:textures/gui/mana_infusion_overlay.png",
            "x": 1,
            "y": 16,
            "width": 116,
            "height": 106,
            "u": 17,
            "v": 28
        },
        {
            "type": "patchouli:text",
            "text": "#드롭",
            "color": "77000000",
            "x": 27,
            "y": 17
        },
        {
            "type": "patchouli:tooltip",
            "tooltip": [
                "#dropTip2",
                "#dropTip3",
                "#dropTip1"
            ],
            "x": 27,
            "y": 17,
            "width": 60,
            "height": 10
        },
        {
            "type": "patchouli:header",
            "text": "#머리글",
            "x": -1,
            "y": -1
        },
        {
            "type": "patchouli:item",
            "item": "#input",
            "framed": "false",
            "x": 20,
            "y": 41
        },
        {
            "type": "patchouli:item",
            "item": "#catalyst",
            "framed": "false",
            "x": 20,
            "y": 65
        },
        {
            "type": "patchouli:item",
            "item": {
                "item": "botania:mana_pool",
                "nbt": {
                    "RenderFull": 1
                }
            },
            "framed": "false",
            "x": 49,
            "y": 41
        },
        {
            "type": "patchouli:item",
            "item": "#output",
            "framed": "false",
            "link_recipe": true,
            "x": 78,
            "y": 41
        },
        {
            "type": "patchouli:custom",
            "class": "vazkii.botania.client.patchouli.component.ManaComponent",
            "x": -1,
            "y": 90,
            "mana": "#mana"
        },
        {
            "type": "patchouli:text",
            "text": "#텍스트",
            "y": 130
        }
    ]
}