{
    "processor": "vazkii.botania.client.patchouli.processor.RunicAltarProcessor",
    "components": [
        {
            "type": "patchouli:image",
            "image": "botania:textures/gui/petal_overlay.png",
            "x": 0,
            "y": 8,
            "width": 116,
            "height": 106,
            "u": 17,
            "v": 8
        },
        {
            "type": "patchouli:header",
            "text": "#머리글",
            "x": -1,
            "y": -1
        },
        {
            "type": "patchouli:custom",
            "class": "vazkii.botania.client.patchouli.component.RotatingRecipeComponent",
            "x": -1,
            "y": 21,
            "recipe_type": "runic_altar",
            "recipe_name": "#recipe"
        },
        {
            "type": "patchouli:item",
            "item": "#output",
            "framed": "false",
            "link_recipe": true,
            "x": 87,
            "y": 18
        },
        {
            "type": "patchouli:item",
            "item": "#reagent",
            "framed": "false",
            "x": 49,
            "y": 43
        },
        {
            "type": "patchouli:item",
            "item": "botania:runic_altar",
            "framed": "false",
            "x": 49,
            "y": 63
        },
        {
            "type": "patchouli:custom",
            "class": "vazkii.botania.client.patchouli.component.ManaComponent",
            "mana": "#mana",
            "x": -1,
            "y": 100
        },
        {
            "type": "patchouli:text",
            "text": "botaniamisc.shiftToStopSpin",
            "color": "-67000000",
            "x": 13,
            "y": 123
        },
        {
            "type": "patchouli:text",
            "text": "#텍스트",
            "y": 134
        }
    ]
}