{
    "category": "chococraft:gysahls",
    "icon": "chococraft:gysahl_green",
    "name": "info.chococraft.book.gysahl_green.entry.name",
    "pages": [
        {
            "type": "patchouli:text",
            "text": "info.chococraft.book.gysahl_green.text1"
        },
        {
            "type": "patchouli:image",
            "border": true,
            "images": [
                "chococraft:textures/gui/entry/gysahl.png"
            ],
            "text": "info.chococraft.book.gysahl_green.text2"
        },
        {
            "type": "patchouli:crafting",
            "recipe": "chococraft:gysahl_green_to_seeds",
            "text": "info.chococraft.book.gysahl_green.text3"
        },
        {
            "type": "patchouli:text",
            "text": "info.chococraft.book.gysahl_green.text4"
        },
        {
            "type": "patchouli:spotlight",
            "item": "chococraft:gysahl_green"
        }
    ]
}