{
    "category": "chococraft:gysahls",
    "icon": "chococraft:pickled_gysahl_raw",
    "name": "info.chococraft.book.pickled_gysahl.entry.name",
    "pages": [
        {
            "type": "patchouli:text",
            "text": "info.chococraft.book.pickled_gysahl.text1"
        },
        {
            "type": "patchouli:crafting",
            "recipe": "chococraft:pickled_gysahl_raw"
        },
        {
            "type": "patchouli:smelting",
            "recipe": "chococraft:pickled_gysahl_cooked"
        },
        {
            "type": "patchouli:smoking",
            "recipe": "chococraft:pickled_gysahl_cooked_from_smoking"
        },
        {
            "type": "patchouli:campfire",
            "recipe": "chococraft:pickled_gysahl_cooked_from_campfire_cooking"
        }
    ]
}