{
    "name": "botania.entry.astrolabe",
    "category": "botania:tools",
    "icon": "botania:astrolabe",
    "entry_color": "aa00",
    "advancement": "botania:main/elf_lexicon_pickup",
    "pages": [
        {
            "type": "text",
            "text": "botania.page.astrolabe0"
        },
        {
            "type": "text",
            "text": "botania.page.astrolabe1"
        },
        {
            "type": "crafting",
            "text": "botania.page.astrolabe2",
            "recipe": "botania:astrolabe"
        }
    ]
}