{
    "name": "botania.entry.clip",
    "category": "botania:tools",
    "icon": "botania:clip",
    "entry_color": "aa00",
    "advancement": "botania:main/elf_lexicon_pickup",
    "pages": [
        {
            "type": "text",
            "text": "botania.page.clip0"
        },
        {
            "type": "text",
            "text": "botania.page.clip1"
        },
        {
            "type": "crafting",
            "text": "botania.page.clip2",
            "recipe": "botania:clip"
        }
    ]
}