{
    "name": "botania.entry.craftingHalo",
    "category": "botania:tools",
    "icon": "botania:crafting_halo",
    "advancement": "botania:main/mana_pool_pickup_lexicon",
    "pages": [
        {
            "type": "text",
            "text": "botania.page.craftingHalo0"
        },
        {
            "type": "text",
            "text": "botania.page.craftingHalo1"
        },
        {
            "type": "crafting",
            "text": "botania.page.craftingHalo2",
            "recipe": "botania:crafting_halo"
        }
    ]
}