{
    "name": "botania.entry.dirtRod",
    "category": "botania:tools",
    "icon": "botania:dirt_rod",
    "advancement": "botania:main/runic_altar_pickup",
    "pages": [
        {
            "type": "text",
            "text": "botania.page.dirtRod0"
        },
        {
            "type": "text",
            "text": "botania.page.dirtRod2"
        },
        {
            "type": "crafting",
            "text": "botania.page.dirtRod1",
            "recipe": "botania:dirt_rod"
        }
    ]
}