{
    "name": "botania.entry.diviningRod",
    "category": "botania:tools",
    "icon": "botania:divining_rod",
    "advancement": "botania:main/mana_pool_pickup_lexicon",
    "pages": [
        {
            "type": "text",
            "text": "botania.page.diviningRod0"
        },
        {
            "type": "text",
            "text": "botania.page.diviningRod2"
        },
        {
            "type": "crafting",
            "text": "botania.page.diviningRod1",
            "recipe": "botania:divining_rod"
        }
    ]
}