{
    "name": "botania.entry.exchangeRod",
    "category": "botania:tools",
    "icon": "botania:exchange_rod",
    "advancement": "botania:main/runic_altar_pickup",
    "pages": [
        {
            "type": "text",
            "text": "botania.page.exchangeRod0"
        },
        {
            "type": "text",
            "text": "botania.page.exchangeRod1"
        },
        {
            "type": "text",
            "text": "botania.page.exchangeRod2"
        },
        {
            "type": "crafting",
            "text": "botania.page.exchangeRod3",
            "recipe": "botania:exchange_rod"
        }
    ]
}