{
    "name": "botania.entry.fireRod",
    "category": "botania:tools",
    "icon": "botania:fire_rod",
    "advancement": "botania:main/runic_altar_pickup",
    "pages": [
        {
            "type": "text",
            "text": "botania.page.fireRod0"
        },
        {
            "type": "text",
            "text": "botania.page.fireRod2"
        },
        {
            "type": "crafting",
            "text": "botania.page.fireRod1",
            "recipe": "botania:fire_rod"
        }
    ]
}