{
    "name": "botania.entry.grassHorn",
    "category": "botania:tools",
    "icon": "botania:horn_grass",
    "advancement": "botania:main/mana_pool_pickup_lexicon",
    "pages": [
        {
            "type": "text",
            "text": "botania.page.grassHorn0"
        },
        {
            "type": "crafting",
            "text": "botania.page.grassHorn1",
            "recipe": "botania:horn_grass"
        },
        {
            "type": "crafting",
            "text": "botania.page.grassHorn2",
            "recipe": "botania:horn_leaves"
        },
        {
            "type": "crafting",
            "text": "botania.page.grassHorn3",
            "recipe": "botania:horn_snow"
        }
    ]
}