{
    "name": "botania.entry.grassSeeds",
    "category": "botania:tools",
    "icon": "botania:grass_seeds",
    "advancement": "botania:main/mana_pool_pickup_lexicon",
    "pages": [
        {
            "type": "text",
            "text": "botania.page.grassSeeds0"
        },
        {
            "type": "botania:mana_infusion",
            "text": "botania.page.grassSeeds1",
            "recipes": "botania:mana_infusion/grass_seeds"
        },
        {
            "type": "botania:mana_infusion",
            "text": "botania.page.grassSeeds2",
            "recipes": "botania:mana_infusion/podzol_seeds"
        },
        {
            "type": "botania:mana_infusion",
            "text": "botania.page.grassSeeds3",
            "recipes": "botania:mana_infusion/mycel_seeds"
        },
        {
            "type": "text",
            "text": "botania.page.grassSeeds4"
        },
        {
            "type": "botania:crafting_multi",
            "heading": "botania.entry.grassSeeds",
            "text": "botania.page.grassSeeds5",
            "recipes": [
                "botania:dry_seeds",
                "botania:golden_seeds",
                "botania:vivid_seeds",
                "botania:scorched_seeds",
                "botania:infused_seeds",
                "botania:mutated_seeds"
            ]
        }
    ],
    "extra_recipe_mappings": {
        "minecraft:grass_block": 2,
        "minecraft:podzol": 3,
        "minecraft:mycelium": 4,
        "botania:dry_grass": 5,
        "botania:golden_grass": 5,
        "botania:vivid_grass": 5,
        "botania:scorched_grass": 5,
        "botania:infused_grass": 5,
        "botania:mutated_grass": 5
    }
}