{
    "name": "botania.entry.gravityRod",
    "category": "botania:tools",
    "icon": "botania:gravity_rod",
    "entry_color": "aa00",
    "advancement": "botania:main/elf_lexicon_pickup",
    "pages": [
        {
            "type": "text",
            "text": "botania.page.gravityRod0"
        },
        {
            "type": "text",
            "text": "botania.page.gravityRod1"
        },
        {
            "type": "crafting",
            "text": "botania.page.gravityRod2",
            "recipe": "botania:gravity_rod"
        }
    ]
}