{
    "name": "botania.entry.laputaShard",
    "category": "botania:tools",
    "icon": "botania:laputa_shard",
    "entry_color": "aa00",
    "advancement": "botania:main/elf_lexicon_pickup",
    "pages": [
        {
            "type": "text",
            "text": "botania.page.laputaShard0"
        },
        {
            "type": "text",
            "text": "botania.page.laputaShard2"
        },
        {
            "type": "crafting",
            "text": "botania.page.laputaShard1",
            "recipe": "botania:laputa_shard"
        },
        {
            "type": "botania:crafting_multi",
            "text": "botania.page.laputaShard3",
            "recipes": [
                "botania:dynamic/laputa_shard_upgrade"
            ]
        }
    ]
}