{
    "name": "botania.entry.manaGear",
    "category": "botania:tools",
    "icon": "botania:manasteel_pick",
    "priority": true,
    "advancement": "botania:main/mana_pool_pickup_lexicon",
    "pages": [
        {
            "type": "text",
            "text": "botania.page.manaGear0"
        },
        {
            "type": "text",
            "text": "botania.page.manaGear10"
        },
        {
            "type": "crafting",
            "text": "botania.page.manaGear1",
            "recipe": "botania:manasteel_pick"
        },
        {
            "type": "crafting",
            "text": "botania.page.manaGear2",
            "recipe": "botania:manasteel_shovel"
        },
        {
            "type": "crafting",
            "text": "botania.page.manaGear3",
            "recipe": "botania:manasteel_axe"
        },
        {
            "type": "crafting",
            "text": "botania.page.manaGear3a",
            "recipe": "botania:manasteel_hoe"
        },
        {
            "type": "crafting",
            "text": "botania.page.manaGear4",
            "recipe": "botania:manasteel_shears"
        },
        {
            "type": "crafting",
            "text": "botania.page.manaGear5",
            "recipe": "botania:manasteel_sword"
        },
        {
            "type": "crafting",
            "text": "botania.page.manaGear6",
            "recipe": "botania:manasteel_helmet"
        },
        {
            "type": "crafting",
            "text": "botania.page.manaGear7",
            "recipe": "botania:manasteel_chestplate"
        },
        {
            "type": "crafting",
            "text": "botania.page.manaGear8",
            "recipe": "botania:manasteel_leggings"
        },
        {
            "type": "crafting",
            "text": "botania.page.manaGear9",
            "recipe": "botania:manasteel_boots"
        }
    ]
}