{
    "name": "botania.entry.manaBlaster",
    "category": "botania:tools",
    "icon": "botania:mana_gun",
    "advancement": "botania:main/runic_altar_pickup",
    "pages": [
        {
            "type": "text",
            "text": "botania.page.manaBlaster0"
        },
        {
            "type": "text",
            "text": "botania.page.manaBlaster1"
        },
        {
            "type": "text",
            "text": "botania.page.manaBlaster2"
        },
        {
            "type": "crafting",
            "text": "botania.page.manaBlaster3",
            "recipe": "botania:mana_gun"
        }
    ]
}