{
    "name": "botania.entry.obedienceStick",
    "category": "botania:tools",
    "icon": "botania:obedience_stick",
    "priority": true,
    "advancement": "botania:main/mana_pool_pickup_lexicon",
    "pages": [
        {
            "type": "text",
            "text": "botania.page.obedienceStick0"
        },
        {
            "type": "text",
            "text": "botania.page.obedienceStick_unbind"
        },
        {
            "type": "crafting",
            "text": "botania.page.obedienceStick1",
            "recipe": "botania:obedience_stick"
        }
    ]
}