{
    "name": "botania.entry.temperanceStone",
    "category": "botania:tools",
    "icon": "botania:temperance_stone",
    "advancement": "botania:main/terrasteel_pickup_lexicon",
    "pages": [
        {
            "type": "text",
            "text": "botania.page.temperanceStone0"
        },
        {
            "type": "text",
            "text": "botania.page.temperanceStone2"
        },
        {
            "type": "crafting",
            "text": "botania.page.temperanceStone1",
            "recipe": "botania:temperance_stone"
        }
    ]
}