{
    "name": "botania.entry.terraformRod",
    "category": "botania:tools",
    "icon": "botania:terraform_rod",
    "advancement": "botania:main/terrasteel_pickup_lexicon",
    "pages": [
        {
            "type": "text",
            "text": "botania.page.terraformRod0"
        },
        {
            "type": "text",
            "text": "botania.page.terraformRod1"
        },
        {
            "type": "text",
            "text": "botania.page.terraformRod2"
        },
        {
            "type": "crafting",
            "text": "botania.page.terraformRod3",
            "recipe": "botania:terraform_rod"
        }
    ]
}