{
    "name": "botania.entry.terraPick",
    "category": "botania:tools",
    "icon": "botania:terra_pick",
    "advancement": "botania:main/terrasteel_pickup_lexicon",
    "pages": [
        {
            "type": "text",
            "text": "botania.page.terraPick0"
        },
        {
            "type": "text",
            "text": "botania.page.terraPick1"
        },
        {
            "type": "text",
            "text": "botania.page.terraPick2"
        },
        {
            "type": "text",
            "text": "botania.page.terraPick3"
        },
        {
            "type": "text",
            "text": "botania.page.terraPick4"
        },
        {
            "type": "crafting",
            "text": "botania.page.terraPick5",
            "recipe": "botania:terra_pick"
        }
    ]
}