{
    "name": "botania.entry.terrasteelArmor",
    "category": "botania:tools",
    "icon": "botania:terrasteel_helmet",
    "priority": true,
    "advancement": "botania:main/terrasteel_pickup_lexicon",
    "pages": [
        {
            "type": "text",
            "text": "botania.page.terrasteelArmor0"
        },
        {
            "type": "crafting",
            "text": "botania.page.terrasteelArmor1",
            "recipe": "botania:terrasteel_helmet"
        },
        {
            "type": "crafting",
            "text": "botania.page.terrasteelArmor2",
            "recipe": "botania:terrasteel_chestplate"
        },
        {
            "type": "crafting",
            "text": "botania.page.terrasteelArmor3",
            "recipe": "botania:terrasteel_leggings"
        },
        {
            "type": "crafting",
            "text": "botania.page.terrasteelArmor4",
            "recipe": "botania:terrasteel_boots"
        }
    ]
}