{
    "name": "botania.entry.tornadoRod",
    "category": "botania:tools",
    "icon": "botania:tornado_rod",
    "advancement": "botania:main/runic_altar_pickup",
    "pages": [
        {
            "type": "text",
            "text": "botania.page.tornadoRod0"
        },
        {
            "type": "text",
            "text": "botania.page.tornadoRod2"
        },
        {
            "type": "crafting",
            "text": "botania.page.tornadoRod1",
            "recipe": "botania:tornado_rod"
        }
    ]
}