{
    "name": "botania.entry.vineBall",
    "category": "botania:tools",
    "icon": "botania:vine_ball",
    "advancement": "botania:main/runic_altar_pickup",
    "pages": [
        {
            "type": "text",
            "text": "botania.page.vineBall0"
        },
        {
            "type": "text",
            "text": "botania.page.vineBall1"
        },
        {
            "type": "crafting",
            "text": "botania.page.vineBall2",
            "recipe": "botania:vine_ball"
        },
        {
            "type": "crafting",
            "text": "botania.page.vineBall3",
            "recipe": "botania:slingshot"
        }
    ]
}