{
    "name": "botania.entry.virus",
    "category": "botania:tools",
    "icon": "botania:virus_necrodermal",
    "entry_color": "aa00",
    "advancement": "botania:main/elf_lexicon_pickup",
    "pages": [
        {
            "type": "text",
            "text": "botania.page.virus0"
        },
        {
            "type": "crafting",
            "text": "botania.page.virus1",
            "recipe": "botania:virus_necrodermal"
        },
        {
            "type": "crafting",
            "text": "botania.page.virus2",
            "recipe": "botania:virus_nullodermal"
        }
    ]
}