{
   "bad647ebc2ac822563eaedaa3cb64881d8d7fd24": "doggytalents:textures/entity/dog/custom/doggytex0.png",
   "c22b2f6d7a902c13d2f9c377f360127b6ae2dd65": "doggytalents:textures/entity/dog/custom/doggytex1.png",
   "bea8cace65c013ca9cdae76b0664f4176502e4fb": "doggytalents:textures/entity/dog/custom/doggytex2.png",
   "df167655cf5db4147e28d6920862636ce94c22cd": "doggytalents:textures/entity/dog/custom/doggytex3.png",
   "b82d3e99a8ef342fbdc5f5a3f6c91b3940f80f55": "doggytalents:textures/entity/dog/custom/doggytex4.png",
   "84426b389b050105b2cc8883a28e21ded8502d15": "doggytalents:textures/entity/dog/custom/doggytex5.png",
   "7281214e5b1c928e124de44af6040d34100ef11e": "doggytalents:textures/entity/dog/custom/doggytex6.png",
   "7229d8e7b8e5a291d2d8edb7082e43974bc409f9": "doggytalents:textures/entity/dog/custom/doggytex7.png",
   "40cde1ba3ab392860432d00042dde4ea5ae2accd": "doggytalents:textures/entity/dog/custom/doggytex8.png",
   "7a50feaf4e5d9a332946afa66731430282adaf06": "doggytalents:textures/entity/dog/custom/doggytex9.png",
   "9846a3d8b29589e2ed125b5ce8b8fe398ee4b389": "doggytalents:textures/entity/dog/custom/doggytex10.png",
   "62b05471528c8268c5de6ec514ba801eea812e99": "doggytalents:textures/entity/dog/custom/doggytex11.png",
   "9a6c7833aebe88d09e2c4807cf9ab7b2107ce23b": "doggytalents:textures/entity/dog/custom/doggytex12.png",
   "b4b0b25d37c7790b886e5feafcc794e13d801d2f": "doggytalents:textures/entity/dog/custom/doggytex13.png",
   "08bf1e51a9a64e1b82518360c05fddd711ba0071": "doggytalents:textures/entity/dog/custom/doggytex14.png",
   "3390dbaac3719895fd14386b52105b69ca59b8eb": "doggytalents:textures/entity/dog/custom/doggytex15.png",
   "75d98338408966e365cabf92c15323f40a678035": "doggytalents:textures/entity/dog/custom/doggytex16.png",
   "a170ca2633df2df937540cecfb127857f6552d4d": "doggytalents:textures/entity/dog/custom/doggytex17.png",
   "84886ad82bf93839008afe3ba6889a491bb8307a": "doggytalents:textures/entity/dog/custom/doggytex18.png",
   "95350edfde4b407476ab67d9d93b58becfc3cc8a": "doggytalents:textures/entity/dog/custom/doggytex19.png",
   "a6f74bd5781685428549cc14d383a292cccd57c9": "doggytalents:textures/entity/dog/custom/doggytex20.png"
}