{
    "name": "botania.entry.apothecary",
    "category": "botania:basics",
    "icon": "botania:apothecary_default",
    "priority": true,
    "advancement": "botania:main/flower_pickup_lexicon",
    "turnin": "botania:main/apothecary_pickup",
    "pages": [
        {
            "type": "text",
            "text": "botania.page.apothecary0"
        },
        {
            "type": "image",
            "text": "botania.page.apothecary1",
            "images": [
                "botania:textures/gui/entries/apothecary.png"
            ]
        },
        {
            "type": "text",
            "text": "botania.page.apothecary2"
        },
        {
            "type": "text",
            "text": "botania.page.apothecary3"
        },
        {
            "type": "text",
            "text": "botania.page.apothecary4"
        },
        {
            "type": "text",
            "text": "botania.page.apothecary7"
        },
        {
            "type": "text",
            "text": "botania.page.apothecary6"
        },
        {
            "type": "crafting",
            "recipe": "botania:apothecary_default",
            "recipe2": "botania:apothecary_mossy"
        }
    ]
}