{
    "name": "botania.entry.flowerBag",
    "category": "botania:basics",
    "icon": "botania:flower_bag",
    "advancement": "botania:main/flower_pickup_lexicon",
    "pages": [
        {
            "type": "text",
            "text": "botania.page.flowerBag0"
        },
        {
            "type": "text",
            "text": "botania.page.flowerBag2"
        },
        {
            "type": "crafting",
            "text": "botania.page.flowerBag1",
            "recipe": "botania:flower_bag"
        }
    ]
}