{
    "name": "botania.entry.gardenOfGlass",
    "category": "botania:basics",
    "icon": "botania:living_root",
    "flag": "|debug,mod:gardenofglass",
    "priority": true,
    "pages": [
        {
            "type": "text",
            "text": "botania.page.gardenOfGlass0"
        },
        {
            "type": "text",
            "text": "botania.page.gardenOfGlass1"
        },
        {
            "type": "text",
            "text": "botania.page.gardenOfGlass2"
        },
        {
            "type": "crafting",
            "text": "botania.page.gardenOfGlass3",
            "recipe": "gardenofglass:root_to_sapling"
        },
        {
            "type": "crafting",
            "text": "botania.page.gardenOfGlass4",
            "recipe": "gardenofglass:root_to_fertilizer"
        },
        {
            "type": "crafting",
            "text": "botania.page.gardenOfGlass5",
            "recipe": "gardenofglass:pebble_to_cobblestone"
        },
        {
            "type": "text",
            "text": "botania.page.gardenOfGlass6"
        },
        {
            "type": "botania:mana_infusion",
            "text": "botania.page.gardenOfGlass7",
            "recipes": "gardenofglass:mana_infusion/sugar_cane"
        },
        {
            "type": "crafting",
            "text": "botania.page.gardenOfGlass8",
            "recipe": "gardenofglass:magma_cream_to_slime_ball"
        },
        {
            "type": "botania:mana_infusion",
            "text": "botania.page.gardenOfGlass13",
            "recipes": [
                "gardenofglass:mana_infusion/prismarine_shard",
                "gardenofglass:mana_infusion/prismarine_crystals"
            ]
        },
        {
            "type": "text",
            "text": "botania.page.gardenOfGlass9"
        },
        {
            "type": "text",
            "text": "botania.page.gardenOfGlass11"
        },
        {
            "type": "crafting",
            "text": "botania.page.gardenOfGlass12",
            "recipe": "gardenofglass:end_portal_frame"
        },
        {
            "type": "botania:mana_infusion",
            "text": "botania.page.gardenOfGlass14",
            "recipes": "gardenofglass:mana_infusion/heart_of_the_sea"
        }
    ],
    "extra_recipe_mappings": {
        "botania:root": 1
    }
}