{
    "name": "botania.entry.lexicon",
    "category": "botania:basics",
    "icon": "botania:lexicon",
    "priority": true,
    "pages": [
        {
            "type": "text",
            "text": "botania.page.lexicon0"
        },
        {
            "type": "text",
            "text": "botania.page.lexicon3"
        },
        {
            "type": "crafting",
            "text": "botania.page.lexicon1",
            "recipe": "botania:lexicon"
        },
        {
            "type": "text",
            "text": "botania.page.lexicon2"
        }
    ]
}