{
    "name": "item.botania.lexicon",
    "landing_text": "botania.landing",
    "version": "buildNumber",
    "book_texture": "patchouli:textures/gui/book_green.png",
    "model": "botania:lexicon",
    "open_sound": "botania:lexicon_open",
    "flip_sound": "botania:lexicon_page",
    "creative_tab": "botania",
    "dont_generate_book": true,
    "custom_book_item": "botania:lexicon",
    "advancements_tab": "botania:main/root",
    "use_resource_pack": true,
    "i18n": true,
    "macros": {
        "$(item)": "$(1)",
        "$(thing)": "$(4)"
    }
}