{
    "name": "botania.entry.bloodPendant",
    "category": "botania:baubles",
    "icon": "botania:blood_pendant",
    "advancement": "botania:main/mana_pool_pickup_lexicon",
    "pages": [
        {
            "type": "text",
            "text": "botania.page.bloodPendant0"
        },
        {
            "type": "text",
            "text": "botania.page.bloodPendant1"
        },
        {
            "type": "crafting",
            "text": "botania.page.bloodPendant2",
            "recipe": "botania:blood_pendant"
        }
    ]
}