{
    "name": "botania.entry.icePendant",
    "category": "botania:baubles",
    "icon": "botania:ice_pendant",
    "advancement": "botania:main/mana_pool_pickup_lexicon",
    "pages": [
        {
            "type": "text",
            "text": "botania.page.icePendant0"
        },
        {
            "type": "text",
            "text": "botania.page.icePendant1"
        },
        {
            "type": "crafting",
            "text": "botania.page.icePendant2",
            "recipe": "botania:ice_pendant"
        }
    ]
}