{
    "name": "botania.entry.bIntro",
    "category": "botania:baubles",
    "icon": "botania:cosmetic_questgiver_mark",
    "priority": true,
    "sortnum": -10,
    "flag": "mod:curios",
    "pages": [
        {
            "type": "text",
            "text": "botania.page.bIntro0"
        },
        {
            "type": "image",
            "text": "botania.page.bIntro1",
            "images": [
                "botania:textures/gui/entries/baubles.png"
            ]
        },
        {
            "type": "text",
            "text": "botania.page.bIntro2"
        }
    ]
}