{
    "name": "botania.entry.bIntro",
    "category": "botania:baubles",
    "icon": "botania:cosmetic_questgiver_mark",
    "priority": true,
    "sortnum": -10,
    "flag": "mod:trinkets",
    "pages": [
        {
            "type": "text",
            "text": "botania.page.bIntro0_trinkets"
        },
        {
            "type": "image",
            "text": "botania.page.bIntro1_trinkets",
            "images": [
                "botania:textures/gui/entries/trinkets.png"
            ]
        },
        {
            "type": "text",
            "text": "botania.page.bIntro2_trinkets"
        }
    ]
}