{
    "name": "botania.entry.judgementCloaks",
    "category": "botania:baubles",
    "icon": "botania:holy_cloak",
    "entry_color": "aa00",
    "advancement": "botania:main/elf_lexicon_pickup",
    "pages": [
        {
            "type": "text",
            "text": "botania.page.judgementCloaks0"
        },
        {
            "type": "text",
            "text": "botania.page.judgementCloaks1"
        },
        {
            "type": "crafting",
            "text": "botania.page.judgementCloaks2",
            "recipe": "botania:holy_cloak"
        },
        {
            "type": "crafting",
            "text": "botania.page.judgementCloaks3",
            "recipe": "botania:unholy_cloak"
        },
        {
            "type": "crafting",
            "text": "botania.page.judgementCloaks4",
            "recipe": "botania:balance_cloak"
        }
    ]
}