{
    "name": "botania.entry.manaRing",
    "category": "botania:baubles",
    "icon": "botania:mana_ring",
    "advancement": "botania:main/mana_pool_pickup_lexicon",
    "pages": [
        {
            "type": "text",
            "text": "botania.page.manaRing0"
        },
        {
            "type": "crafting",
            "text": "botania.page.manaRing1",
            "recipe": "botania:mana_ring"
        },
        {
            "type": "crafting",
            "text": "botania.page.manaRing2",
            "recipe": "botania:mana_ring_greater",
            "advancement": "botania:main/terrasteel_pickup_lexicon"
        }
    ]
}