{
    "name": "botania.entry.monocle",
    "category": "botania:baubles",
    "icon": "botania:monocle",
    "priority": true,
    "advancement": "botania:main/mana_pool_pickup_lexicon",
    "pages": [
        {
            "type": "text",
            "text": "botania.page.monocle0"
        },
        {
            "type": "text",
            "text": "botania.page.monocle2"
        },
        {
            "type": "crafting",
            "text": "botania.page.monocle1",
            "recipe": "botania:monocle"
        }
    ]
}