{
    "name": "botania.entry.superLavaPendant",
    "category": "botania:baubles",
    "icon": "botania:super_lava_pendant",
    "entry_color": "aa00",
    "advancement": "botania:main/elf_lexicon_pickup",
    "pages": [
        {
            "type": "text",
            "text": "botania.page.superLavaPendant0"
        },
        {
            "type": "crafting",
            "text": "botania.page.superLavaPendant1",
            "recipe": "botania:super_lava_pendant"
        }
    ]
}