{
    "name": "botania.entry.cocoon",
    "category": "botania:devices",
    "icon": "botania:cocoon",
    "priority": true,
    "advancement": "botania:main/mana_pool_pickup_lexicon",
    "flag": "|debug,mod:gardenofglass",
    "pages": [
        {
            "type": "text",
            "text": "botania.page.cocoon0"
        },
        {
            "type": "text",
            "text": "botania.page.cocoon1"
        },
        {
            "type": "crafting",
            "text": "botania.page.cocoon2",
            "recipe": "botania:cocoon"
        }
    ]
}