{
    "name": "botania.entry.cocoon",
    "category": "botania:devices",
    "icon": "botania:cocoon",
    "entry_color": "aa00",
    "advancement": "botania:main/elf_lexicon_pickup",
    "flag": "!mod:gardenofglass",
    "pages": [
        {
            "type": "text",
            "text": "botania.page.cocoon0"
        },
        {
            "type": "text",
            "text": "botania.page.cocoon1"
        },
        {
            "type": "crafting",
            "text": "botania.page.cocoon2",
            "recipe": "botania:cocoon"
        }
    ]
}