{
    "name": "botania.entry.flasks",
    "category": "botania:devices",
    "icon": "botania:flask",
    "entry_color": "aa00",
    "advancement": "botania:main/elf_lexicon_pickup",
    "pages": [
        {
            "type": "text",
            "text": "botania.page.flasks0"
        },
        {
            "type": "text",
            "text": "botania.page.flasks1"
        },
        {
            "type": "crafting",
            "text": "botania.page.flasks2",
            "recipe": "botania:flask"
        }
    ]
}