{
    "name": "botania.entry.forestDrum",
    "category": "botania:devices",
    "icon": "botania:drum_wild",
    "advancement": "botania:main/mana_pool_pickup_lexicon",
    "pages": [
        {
            "type": "text",
            "text": "botania.page.forestDrum0"
        },
        {
            "type": "text",
            "text": "botania.page.forestDrum1"
        },
        {
            "type": "crafting",
            "text": "botania.page.forestDrum2",
            "recipe": "botania:drum_wild"
        }
    ]
}