{
    "name": "botania.entry.manaAlchemy",
    "category": "botania:devices",
    "icon": "botania:alchemy_catalyst",
    "advancement": "botania:main/mana_pool_pickup_lexicon",
    "pages": [
        {
            "type": "text",
            "text": "botania.page.manaAlchemy0"
        },
        {
            "type": "crafting",
            "text": "botania.page.manaAlchemy1",
            "recipe": "botania:alchemy_catalyst"
        },
        {
            "type": "botania:mana_infusion",
            "text": "botania.page.manaAlchemy2",
            "recipes": "botania:mana_infusion/rotten_flesh_to_leather"
        },
        {
            "type": "botania:mana_infusion",
            "heading": "botania.page.manaAlchemy29",
            "text": "botania.page.manaAlchemy3",
            "group": "botania:log_cycle"
        },
        {
            "type": "botania:mana_infusion",
            "heading": "botania.page.manaAlchemy30",
            "text": "botania.page.manaAlchemy4",
            "group": "botania:sapling_cycle"
        },
        {
            "type": "botania:mana_infusion",
            "heading": "botania.page.manaAlchemyFroglightCycle.title",
            "text": "botania.page.manaAlchemyFroglightCycle",
            "group": "botania:froglight_cycle"
        },
        {
            "type": "botania:mana_infusion",
            "text": "botania.page.manaAlchemy5",
            "recipes": "botania:mana_infusion/glowstone_deconstruct"
        },
        {
            "type": "botania:mana_infusion",
            "heading": "botania.page.manaAlchemy31",
            "text": "botania.page.manaAlchemy6",
            "recipes": [
                "botania:mana_infusion/quartz_deconstruct",
                "botania:mana_infusion/dark_quartz_deconstruct",
                "botania:mana_infusion/mana_quartz_deconstruct",
                "botania:mana_infusion/blaze_quartz_deconstruct",
                "botania:mana_infusion/lavender_quartz_deconstruct",
                "botania:mana_infusion/red_quartz_deconstruct",
                "botania:mana_infusion/elf_quartz_deconstruct",
                "botania:mana_infusion/sunny_quartz_deconstruct"
            ]
        },
        {
            "type": "botania:mana_infusion",
            "text": "botania.page.manaAlchemy7",
            "recipes": "botania:mana_infusion/chiseled_stone_bricks"
        },
        {
            "type": "botania:mana_infusion",
            "text": "botania.page.manaAlchemy8",
            "recipes": "botania:mana_infusion/ice"
        },
        {
            "type": "botania:mana_infusion",
            "heading": "botania.page.manaAlchemy32",
            "text": "botania.page.manaAlchemy9",
            "recipes": [
                "botania:mana_infusion/vine_to_lily_pad",
                "botania:mana_infusion/lily_pad_to_vine"
            ]
        },
        {
            "type": "botania:mana_infusion",
            "heading": "botania.page.manaAlchemy33",
            "text": "botania.page.manaAlchemy10",
            "group": "botania:fish_cycle"
        },
        {
            "type": "botania:mana_infusion",
            "heading": "botania.page.manaAlchemy34",
            "text": "botania.page.manaAlchemy11",
            "group": "botania:crop_cycle"
        },
        {
            "type": "botania:mana_infusion",
            "text": "botania.page.manaAlchemy12",
            "recipes": "botania:mana_infusion/potato_unpoison"
        },
        {
            "type": "botania:mana_infusion",
            "text": "botania.page.manaAlchemy13",
            "recipes": "botania:mana_infusion/blaze_rod_to_nether_wart"
        },
        {
            "type": "botania:mana_infusion",
            "text": "botania.page.manaAlchemy14",
            "recipes": [
                "botania:mana_infusion/gunpowder_to_flint",
                "botania:mana_infusion/flint_to_gunpowder"
            ]
        },
        {
            "type": "botania:mana_infusion",
            "text": "botania.page.manaAlchemy15",
            "recipes": "botania:mana_infusion/book_to_name_tag"
        },
        {
            "type": "botania:mana_infusion",
            "text": "botania.page.manaAlchemy16",
            "recipes": "botania:mana_infusion/wool_deconstruct"
        },
        {
            "type": "botania:mana_infusion",
            "heading": "botania.page.manaAlchemy35",
            "text": "botania.page.manaAlchemy17",
            "recipes": [
                "botania:mana_infusion/slime_to_cactus",
                "botania:mana_infusion/cactus_to_slime"
            ]
        },
        {
            "type": "botania:mana_infusion",
            "text": "botania.page.manaAlchemy18",
            "recipes": "botania:mana_infusion/ender_pearl_from_ghast_tear"
        },
        {
            "type": "botania:mana_infusion",
            "heading": "botania.page.manaAlchemy36",
            "text": "botania.page.manaAlchemy19",
            "recipes": [
                "botania:mana_infusion/glowstone_dust_to_redstone",
                "botania:mana_infusion/redstone_to_glowstone_dust"
            ]
        },
        {
            "type": "botania:mana_infusion",
            "text": "botania.page.manaAlchemy20",
            "recipes": "botania:mana_infusion/cobble_to_sand"
        },
        {
            "type": "botania:mana_infusion",
            "text": "botania.page.manaAlchemy21",
            "recipes": "botania:mana_infusion/terracotta_to_red_sand"
        },
        {
            "type": "botania:mana_infusion",
            "heading": "botania.page.manaAlchemy37",
            "text": "botania.page.manaAlchemy26",
            "recipes": [
                "botania:mana_infusion/granite_to_andesite",
                "botania:mana_infusion/stone_to_andesite",
                "botania:mana_infusion/andesite_to_diorite",
                "botania:mana_infusion/diorite_to_granite"
            ]
        },
        {
            "type": "botania:mana_infusion",
            "heading": "botania.page.manaAlchemy38",
            "text": "botania.page.manaAlchemy22",
            "recipes": [
                "botania:mana_infusion/clay_deconstruct",
                "botania:mana_infusion/brick_deconstruct"
            ]
        },
        {
            "type": "botania:mana_infusion",
            "text": "botania.page.manaAlchemy27",
            "recipes": "botania:mana_infusion/chorus_fruit_to_flower"
        },
        {
            "type": "botania:mana_infusion",
            "heading": "botania.page.manaAlchemy39",
            "text": "botania.page.manaAlchemy24",
            "group": "botania:shrub_cycle"
        },
        {
            "type": "botania:mana_infusion",
            "heading": "botania.page.manaAlchemy40",
            "text": "botania.page.manaAlchemy25",
            "group": "botania:flower_cycle"
        },
        {
            "type": "botania:mana_infusion",
            "text": "botania.page.manaAlchemyDripleafShrinking",
            "recipes": "botania:mana_infusion/dripleaf_shrinking"
        },
        {
            "type": "botania:mana_infusion",
            "text": "botania.page.manaAlchemy23",
            "recipes": "botania:mana_infusion/coarse_dirt"
        },
        {
            "type": "botania:mana_infusion",
            "text": "botania.page.manaAlchemy44",
            "recipes": "botania:mana_infusion/soul_soil"
        },
        {
            "type": "botania:mana_infusion",
            "heading": "botania.page.manaAlchemy41",
            "text": "botania.page.manaAlchemy28",
            "group": "botania:berry_cycle"
        },
        {
            "type": "botania:mana_infusion",
            "heading": "botania.page.manaAlchemy42",
            "text": "botania.page.manaAlchemy43",
            "group": "botania:117_stone_cycle"
        }
    ]
}