{
    "name": "botania.entry.platform",
    "category": "botania:devices",
    "icon": "botania:abstruse_platform",
    "advancement": "botania:main/mana_pool_pickup_lexicon",
    "pages": [
        {
            "type": "text",
            "text": "botania.page.platform0"
        },
        {
            "type": "text",
            "text": "botania.page.platform2"
        },
        {
            "type": "crafting",
            "text": "botania.page.platform1",
            "recipe": "botania:abstruse_platform"
        }
    ]
}