{
    "name": "botania.entry.turntable",
    "category": "botania:devices",
    "icon": "botania:turntable",
    "advancement": "botania:main/mana_pool_pickup_lexicon",
    "pages": [
        {
            "type": "text",
            "text": "botania.page.turntable0"
        },
        {
            "type": "text",
            "text": "botania.page.turntable2"
        },
        {
            "type": "crafting",
            "text": "botania.page.turntable1",
            "recipe": "botania:turntable"
        }
    ]
}